Platz,Spieler,Tore,Elfmeter
1.0,Gerd Müller,365,51
2.0,Robert Lewandowski,312,40
3.0,Klaus Fischer,268,10
4.0,Jupp Heynckes,220,12
5.0,Manfred Burgsmüller,213,7
6.0,Claudio Pizarro,197,10
7.0,Ulf Kirsten,182,14
8.0,Stefan Kuntz,179,30
9.0,Dieter Müller,177,5
9.0,Klaus Allofs,177,10
10.0,Mario Gomez,170,8
11.0,Hannes Löhr,166,12
12.0,Karl-Heinz Rummenigge,162,6
13.0,Bernd Hölzenbein,160,8
14.0,Fritz Walter,157,17
15.0,Thomas Allofs,148,3
16.0,Stefan Kießling,144,9
16.0,Marco Reus,144,12
17.0,Bernd Nickel,141,9
18.0,Uwe Seeler,137,3
18.0,Thomas Müller,137,13
19.0,Horst Hrubesch,136,7
20.0,Giovane Élber,133,0
21.0,Rudi Völler,132,4
22.0,Michael Zorc,131,49
23.0,Karl Allgöwer,129,13
24.0,Dieter Hoeneß,127,2
24.0,Vedad Ibišević,127,18
25.0,Martin Max,126,6
26.0,Georg Volkert,125,31
27.0,Frank Mill,123,8
28.0,Herbert Laumen,121,0
28.0,Miroslav Klose,121,6
28.0,Lothar Matthäus,121,30
29.0,Roland Wohlfarth,120,2
30.0,Ronnie Worm,119,0
30.0,Bernd Rupp,119,0
31.0,Pierre Littbarski,116,14
32.0,Lothar Emmerich,115,9
33.0,Reiner Geye,113,6
34.0,Kevin Kurányi,111,0
35.0,Jürgen Klinsmann,110,4
35.0,Andreas Möller,110,8
36.0,Jürgen Grabowski,109,15
37.0,Fredi Bobic,108,0
37.0,Klaus Toppmöller,108,4
38.0,Uwe Rahn,107,7
39.0,Stéphane Chapuisat,106,2
39.0,Ailton,106,17
39.0,Christian Schreier,106,20
40.0,Bruno Labbadia,103,1
41.0,Marco Bode,101,0
42.0,Thomas von Heesen,100,5
43.0,Arjen Robben,99,11
44.0,Beom-geun Cha,98,0
44.0,Erwin Kostedde,98,0
44.0,Pierre-Emerick Aubameyang,98,9
44.0,Mehmet Scholl,98,11
45.0,Frank Neubarth,97,0
45.0,Franz Brungs,97,0
45.0,Max Kruse,97,24
46.0,Tony Yeboah,96,3
46.0,Hermann Ohlicher,96,4
46.0,Sergej Barbarez,96,5
47.0,Erich Beer,95,7
48.0,Hans-Jörg Criens,94,5
49.0,Willi Reimann,93,5
49.0,Alexander Meier,93,7
49.0,Paul Breitner,93,31
50.0,Ente Lippens,92,1
51.0,Michael Preetz,91,3
51.0,Rüdiger Wenzel,91,5
51.0,Timo Werner,91,7
51.0,Oliver Neuville,91,8
51.0,Uwe Bein,91,10
52.0,Toni Polster,90,19
53.0,Wolfgang Frank,89,3
54.0,Cacau,88,1
54.0,Nils Petersen,88,10
54.0,Andrej Kramarić,88,20
55.0,Werner Weist,87,1
56.0,Uli Hoeneß,86,1
56.0,Franck Ribéry,86,3
56.0,Karl-Heinz Handschuh,86,7
57.0,Dieter Eckstein,84,2
57.0,Klaas-Jan Huntelaar,84,9
57.0,Lothar Ulsaß,84,16
58.0,Horst Köppel,83,0
58.0,Raffael,83,3
58.0,Anthony Modeste,83,7
58.0,Wolfgang Overath,83,10
58.0,Friedhelm Funkel,83,18
59.0,Olaf Thon,82,13
59.0,Günter Netzer,82,28
60.0,Heinz Flohe,81,8
61.0,Michael Rummenigge,80,5
62.0,Wolfgang Seel,79,0
63.0,Roy Makaay,78,8
64.0,Rüdiger Abramczik,77,0
64.0,Kevin Volland,77,3
64.0,Bernard Dietz,77,6
64.0,Michael Ballack,77,8
64.0,Lars Stindl,77,9
64.0,Marcelinho,77,15
65.0,Heinz Strehl,76,6
65.0,Allan Simonsen,76,6
65.0,Manfred Kaltz,76,53
66.0,Heiko Herrlich,75,2
66.0,Lorenz Horr,75,12
66.0,Jürgen Röber,75,17
67.0,Werner Görts,74,0
67.0,Dieter Brenninger,74,5
67.0,Herbert Waas,74,5
68.0,Ebbe Sand,73,0
69.0,Timo Konietzka,72,0
69.0,Ivica Olić,72,0
69.0,Karl-Heinz Riedle,72,0
69.0,Sigfried Held,72,0
69.0,Franz Roth,72,4
69.0,Hans Siemensmeyer,72,11
70.0,Christian Müller,71,0
70.0,Stefan Effenberg,71,18
71.0,Diego Klimowicz,70,0
71.0,Lukas Podolski,70,11
71.0,Hans-Joachim Abel,70,16
72.0,Jürgen Wegmann,69,1
72.0,Reinhold Wosab,69,4
72.0,Dimitar Berbatow,69,5
72.0,Arnold Schütz,69,19
73.0,Norbert Meier,68,0
73.0,Paulo Sérgio,68,5
73.0,Bernd Gersdorff,68,10
73.0,Frank Ordenewitz,68,15
73.0,Thomas Häßler,68,16
74.0,Halil Altintop,67,0
74.0,Serge Gnabry,67,1
74.0,Holger Fach,67,1
74.0,Jørn Andersen,67,2
74.0,Bernhard Winkler,67,11
74.0,Uwe Reinders,67,16
75.0,Martin Harnik,66,0
75.0,Edin Džeko,66,2
75.0,Rudi Brunnenmeier,66,4
75.0,Wolfram Wuttke,66,8
75.0,Willi Huberts,66,9
76.0,Carl-Heinz Rühl,65,2
76.0,Rudolf Seliger,65,8
76.0,Siegfried Reich,65,11
77.0,Rainer Ohlhauser,64,0
77.0,Frank Hartmann,64,1
78.0,Jimmy Hartwig,63,0
78.0,Hans-Günter Bruns,63,5
79.0,Markus Schroth,62,0
79.0,Willi Neuberger,62,1
79.0,Rainer Budde,62,3
79.0,Franz-Josef Hönig,62,3
79.0,Mario Basler,62,7
79.0,Erling Braut Haaland,62,8
79.0,Wilfried Hannes,62,31
80.0,Roland Sandberg,61,0
80.0,Jonathan Akpoborie,61,0
80.0,Jan Koller,61,1
80.0,Josef Pirrung,61,2
80.0,Erwin Kremers,61,2
80.0,Sean Dundee,61,3
80.0,Klaus Zaczyk,61,5
81.0,Martin Dahlin,60,0
81.0,Olaf Marschall,60,4
81.0,Jan Furtok,60,7
81.0,Harald Spörl,60,11
82.0,Hans-Jürgen Wittkamp,59,0
82.0,Norbert Janzon,59,0
82.0,Bernd Klotz,59,1
82.0,Atli Eðvaldsson,59,2
82.0,Stefan Kohn,59,5
82.0,Wout Weghorst,59,11
82.0,Wynton Rufer,59,11
82.0,Grafite,59,12
82.0,Andreas Herzog,59,14
83.0,Günter Thiele,58,0
83.0,Hartmut Weiß,58,2
83.0,Charly Dörfel,58,2
84.0,Mike Hanke,57,1
84.0,Ferdinand Keller,57,2
84.0,Mario Götze,57,2
84.0,Hans Küppers,57,4
84.0,Diego,57,11
84.0,Rainer Bonhof,57,20
85.0,Andrzej Juskowiak,56,0
85.0,Karl-Heinz Thielen,56,0
85.0,Stefan Beinlich,56,8
85.0,Aaron Hunt,56,11
86.0,Christian Hochstätter,55,0
86.0,Heinz Simmet,55,0
86.0,Benny Wendt,55,2
86.0,Theofanis Gekas,55,6
86.0,Horst-Dieter Höttges,55,40
87.0,Alexander Zickler,54,0
87.0,Walter Kelsch,54,1
87.0,Ádám Szalai,54,1
87.0,Thomas Brdaric,54,1
87.0,Uwe Wegmann,54,4
87.0,Ioannis Amanatidis,54,5
87.0,Rudi Bommer,54,7
87.0,Hansi Müller,54,9
87.0,Dieter Bast,54,12
87.0,Krassimir Balakow,54,19
88.0,Jürgen Milewski,53,0
88.0,Erwin Hermandung,53,0
88.0,Herbert Büssers,53,0
88.0,Pille Gecks,53,0
88.0,Carsten Jancker,53,0
88.0,Mario Mandžukić,53,1
88.0,Hans Walitza,53,1
88.0,Ingo Anderbrügge,53,20
89.0,Jupp Kaczor,52,0
89.0,Ole Bjørnmose,52,0
89.0,Klaus Augenthaler,52,0
89.0,Klaus Wunder,52,3
89.0,Manfred Pohlschmidt,52,3
89.0,Hasan Salihamidžić,52,4
89.0,Eric Maxim Choupo-Moting,52,6
90.0,Souleyman Sané,51,0
90.0,Bernd Hobsch,51,0
90.0,Bachirou Salou,51,0
90.0,Herbert Wimmer,51,0
90.0,André Schürrle,51,4
90.0,Mladen Petrić,51,5
90.0,Klaus Täuber,51,8
90.0,André Silva,51,11
90.0,Martin Kree,51,15
91.0,Gerald Asamoah,50,0
91.0,Ivan Klasnić,50,0
91.0,Marcel Witeczek,50,0
91.0,Pavel Kuka,50,1
91.0,Helmut Kremers,50,9
91.0,Andreas Brehme,50,18
91.0,Daniel Caligiuri,50,19
92.0,Ewald Lienen,49,0
92.0,Julian Brandt,49,0
92.0,Werner Krämer,49,0
92.0,Lars Ricken,49,1
92.0,Artur Wichniarek,49,3
92.0,Peter Grosser,49,5
92.0,Johannes Riedl,49,7
92.0,Torsten Frings,49,12
93.0,Peter Reichert,48,0
93.0,Andrij Woronin,48,0
93.0,Maurizio Gaudino,48,1
93.0,Bas Dost,48,2
93.0,Uwe Leifeld,48,3
93.0,Rolf Rüssmann,48,3
93.0,Ewerthon,48,4
93.0,Salomon Kalou,48,9
93.0,Harald Nickel,48,9
94.0,Paolo Guerrero,47,0
94.0,Jörgen Pettersson,47,0
94.0,Wolfgang Kraus,47,1
94.0,André Hahn,47,1
94.0,Wolfgang Rolff,47,2
94.0,Norbert Eilenfeldt,47,2
94.0,Mohamed Zidan,47,6
94.0,Hans-Peter Briegel,47,9
94.0,Rodolfo Cardoso,47,14
94.0,Sejad Salihović,47,29
95.0,Falko Götz,46,0
95.0,Norbert Nachtweih,46,0
95.0,Winfried Schäfer,46,0
95.0,Felix Magath,46,0
95.0,Patrick Herrmann,46,0
95.0,Vratislav Lokvenc,46,0
95.0,Theo Bücker,46,1
95.0,Wolfgang Solz,46,1
95.0,Christian Gentner,46,1
95.0,Naldo,46,1
95.0,Daniel Didavi,46,2
95.0,Dieter Herzog,46,3
95.0,Harald Kohr,46,3
95.0,Michael Spies,46,3
95.0,Walter Bechtold,46,8
95.0,Werner Lorant,46,22
96.0,Norbert Dickel,45,0
96.0,Werner Dreßel,45,0
96.0,Bruno Pezzey,45,0
96.0,Ditmar Jakobs,45,0
96.0,Wilfried Kohlars,45,0
96.0,Bastian Schweinsteiger,45,1
96.0,Marko Pantelić,45,1
96.0,Adrián Ramos,45,3
96.0,Patrick Helmes,45,4
96.0,Charly Körbel,45,12
96.0,Rafael van der Vaart,45,13
97.0,Wolfgang Vöge,44,0
97.0,Henning Jensen,44,0
97.0,Mark Uth,44,1
97.0,Frank Schulz,44,1
97.0,Milivoje Novakovič,44,3
97.0,Franz Beckenbauer,44,3
97.0,Wolfgang Sidka,44,4
97.0,Gerd Zimmermann,44,6
97.0,Horst Wild,44,9
98.0,Arne-Larsen Økland,43,0
98.0,Erich Maas,43,0
98.0,Mirko Votava,43,0
98.0,Werner Heck,43,0
98.0,Patrik Schick,43,1
98.0,Heinz-Dieter Hasebrink,43,2
98.0,Sandro Wagner,43,5
98.0,Thorgan Hazard,43,8
98.0,Bernd Lehmann,43,18
99.0,Ralf Dusend,42,0
99.0,Marek Leśniak,42,0
99.0,Nicolai Müller,42,0
99.0,Roy Präger,42,0
99.0,Hugo Almeida,42,0
99.0,Karl-Heinz Bührer,42,1
99.0,Rainer Schütterle,42,1
99.0,Thomas Kempe,42,1
99.0,Jiří Štajner,42,2
99.0,Lucas Alario,42,4
99.0,Gerd Zewe,42,4
99.0,Ludwig Bründl,42,5
99.0,Wolfgang Gayer,42,6
99.0,Manfred Bender,42,8
100.0,Andreas Thom,41,0
100.0,Dietmar Erler,41,0
100.0,Matthias Sammer,41,0
100.0,Thomas Helmer,41,0
100.0,Heung-Min Son,41,0
100.0,Peter Geyer,41,0
100.0,Shinji Kagawa,41,0
100.0,Emanuel Günther,41,1
100.0,Erhard Hofeditz,41,1
100.0,Simon Rolfes,41,5
100.0,Thomas Kastenmaier,41,10
100.0,Wolfgang Funkel,41,13
101.0,Yussuf Poulsen,40,0
101.0,Gerhard Zebrowski,40,0
101.0,Markus Rosenberg,40,0
101.0,Hans Schulz,40,0
101.0,Kurt Niedermayer,40,0
101.0,Kurt Pinkall,40,0
101.0,Per Røntved,40,0
101.0,Thorsten Fink,40,1
101.0,Alfred Heiß,40,2
101.0,Didier Ya Konan,40,2
101.0,Michael Gregoritsch,40,3
101.0,Florian Niederlechner,40,4
101.0,Markus Schupp,40,6
102.0,Tony Woodcock,39,0
102.0,Dariusz Wosz,39,0
102.0,Arno Steffenhagen,39,0
102.0,Lucas Barrios,39,0
102.0,Dieter Krafczyk,39,0
102.0,Flemming Povlsen,39,0
102.0,Karsten Bäron,39,0
102.0,Gerhard Kentschke,39,0
102.0,Hannes Bongartz,39,1
102.0,Günter Pröpper,39,2
102.0,Bernd Schneider,39,2
102.0,Karlheinz Vogt,39,3
102.0,Stephan Engels,39,6
102.0,Jefferson Farfán,39,8
102.0,Ásgeir Sigurvinsson,39,9
102.0,Szabolcs Huszti,39,13
103.0,Caspar Memering,38,0
103.0,Horst Bertl,38,0
103.0,Luca Toni,38,0
103.0,Klaus Matischak,38,0
103.0,Horst Heese,38,0
103.0,Walter Rodekamp,38,0
103.0,Christian Kulik,38,0
103.0,Vahid Hashemian,38,0
103.0,Gonzalo Castro,38,1
103.0,Bernd Dürnberger,38,1
103.0,Nelson Valdez,38,1
103.0,Zé Roberto,38,1
103.0,Jürgen Friedrich,38,1
103.0,Buffy Ettmayer,38,1
103.0,Jadon Sancho,38,1
103.0,Peter Nogly,38,2
103.0,Alassane Plea,38,3
103.0,Roberto Firmino,38,3
103.0,Erik Meijer,38,3
103.0,Klaus Scheer,38,4
103.0,Werner Balte,38,13
104.0,André Golke,37,0
104.0,Karlheinz Pflipsen,37,0
104.0,Karim Bellarabi,37,0
104.0,Shinji Okazaki,37,0
104.0,Heinz-Werner Eggeling,37,0
104.0,Christian Ziege,37,0
104.0,Michael Frontzeck,37,3
104.0,Silvio Meißner,37,3
104.0,Martin Wagner,37,3
104.0,Papiss Demba Cissé,37,5
104.0,Ralf Falkenmayer,37,8
104.0,Alfreð Finnbogason,37,9
104.0,Frank Pagelsdorf,37,11
104.0,Ata Lameck,37,12
105.0,Herbert Neumann,36,0
105.0,Demir Hotić,36,0
105.0,Hans Pflügler,36,0
105.0,Leon Goretzka,36,1
105.0,Kai Havertz,36,4
105.0,Jupp Kapellmann,36,4
105.0,Yunus Malli,36,5
105.0,Jürgen Glowacz,36,6
105.0,Zvjezdan Misimović,36,7
105.0,Lothar Kobluhn,36,9
105.0,Horst Heldt,36,12
105.0,Klaus-Dieter Sieloff,36,13
106.0,Bernardo Romeo,35,0
106.0,Wolfgang Schüler,35,0
106.0,Roland Stegmayer,35,0
106.0,Jonathan Schmid,35,0
106.0,Benno Möhlmann,35,1
106.0,Gregor Grillemeier,35,2
106.0,Paulo Rink,35,2
106.0,Vincenzo Grifo,35,13
107.0,Giuseppe Reina,34,0
107.0,Uwe Spies,34,0
107.0,Maximilian Arnold,34,0
107.0,Peter Wynhoff,34,0
107.0,Reinhold Mathy,34,0
107.0,Jürgen Bandura,34,0
107.0,Manfred Bockenfeld,34,0
107.0,Sergej Kirjakow,34,1
107.0,Filip Kostić,34,1
107.0,Ioan Ganea,34,2
107.0,Pierre-Michel Lasogga,34,2
107.0,Karl-Heinz Granitza,34,2
107.0,Thomas Christiansen,34,3
107.0,Josef Hickersberger,34,3
107.0,Davie Selke,34,3
107.0,Jonas Hofmann,34,4
107.0,Alexander Frei,34,8
108.0,Emile Mpenza,33,0
108.0,Heinz Hornig,33,0
108.0,Youri Mulder,33,1
108.0,Thomas Strunz,33,3
108.0,Benjamin Lauth,33,3
108.0,Marcel Sabitzer,33,4
108.0,Reiner Hollmann,33,6
108.0,Marcus Marin,33,7
108.0,Dieter Brei,33,11
108.0,Manfred Ritschel,33,17
109.0,Tim Borowski,32,0
109.0,Waldemar Gerhardt,32,0
109.0,Kevin Keegan,32,0
109.0,Victor Agali,32,0
109.0,Yıldıray Baştürk,32,0
109.0,Manfred Weidmann,32,0
109.0,Breel Embolo,32,0
109.0,Klaus Ackermann,32,0
109.0,Idriz Hošić,32,0
109.0,Andreas Müller,32,0
109.0,Markus Beierle,32,0
109.0,Alexander Iaschwili,32,0
109.0,Berti Vogts,32,0
109.0,Admir Mehmedi,32,1
109.0,Detlev Szymanek,32,1
109.0,Heinz van Haaren,32,2
109.0,Lincoln,32,3
109.0,Marek Mintál,32,3
109.0,Willy Reitgaßl,32,4
109.0,Jürgen Schütz,32,4
109.0,Horst Haug,32,4
109.0,Tomislav Marić,32,5
109.0,Lewan Kobiaschwili,32,10
109.0,Jörg Böhme,32,11
109.0,Emil Forsberg,32,13
110.0,Roque Santa Cruz,31,0
110.0,Daniel Borimirow,31,0
110.0,Klaus Gerwien,31,0
110.0,Adrian Knup,31,0
110.0,Manfred Kastl,31,0
110.0,Johan Micoud,31,0
110.0,Ivan Perisic,31,0
110.0,Werner Melzer,31,0
110.0,Christopher Nkunku,31,1
110.0,Edgar Schmitt,31,1
110.0,Andreas Zeyer,31,1
110.0,Ihlas Bebou,31,1
110.0,Niko Kovač,31,2
110.0,Thomas Remark,31,2
110.0,Robin Quaison,31,2
110.0,Otto Geisert,31,2
110.0,Josip Drmić,31,2
110.0,Peter Lux,31,5
110.0,Marcel Răducanu,31,6
110.0,Karl-Heinz Struth,31,12
111.0,Klaus Budde,30,0
111.0,Danilo Popivoda,30,0
111.0,Paul Agostino,30,0
111.0,Kingsley Coman,30,0
111.0,Michael Eggert,30,0
111.0,Jhon Córdoba,30,0
111.0,Anthony Ujah,30,0
111.0,Jürgen Rische,30,0
111.0,Uwe Freiler,30,0
111.0,Josip Skoblar,30,0
111.0,Gerd Strack,30,0
111.0,Eyjólfur Sverrisson,30,0
111.0,Franz Gerber,30,1
111.0,Wolfgang Patzke,30,1
111.0,Axel Kruse,30,2
111.0,Stephan Groß,30,3
111.0,Dirk Zander,30,4
111.0,Mohammed Abdellaoue,30,5
111.0,Lothar Woelk,30,7
111.0,Lothar Huber,30,18
112.0,Christian Nerlinger,29,0
112.0,Harry Ellbracht,29,0
112.0,Bernd Cullmann,29,0
112.0,Mats Hummels,29,0
112.0,Marijan Christow,29,0
112.0,Steffen Baumgart,29,0
112.0,Luka Jović,29,0
112.0,Tranquillo Barnetta,29,0
112.0,Raúl Bobadilla,29,0
112.0,Alexander Madlung,29,0
112.0,Gerhard Bold,29,1
112.0,Wolfgang Schäfer,29,1
112.0,Daniel Ginczek,29,2
112.0,Paul Freier,29,3
112.0,Jörg Albertz,29,3
112.0,Mehdi Mahdavikia,29,5
112.0,Arturo Vidal,29,6
112.0,René Rydlewicz,29,8
113.0,Fin Bartels,28,0
113.0,Stan Libuda,28,0
113.0,Guido Buchwald,28,0
113.0,Willi Entenmann,28,0
113.0,Ralf Sturm,28,0
113.0,Raúl,28,0
113.0,Janusz Turowski,28,0
113.0,Roger van Gool,28,0
113.0,Dieter Schatzschneider,28,0
113.0,Herbert Lütkebohmert,28,0
113.0,Jürgen Kohler,28,0
113.0,Stanislav Šesták,28,0
113.0,Leon Bailey,28,0
113.0,Amand Theis,28,0
113.0,Ronny Borchers,28,1
113.0,Jupp Nehl,28,1
113.0,Chicharito,28,1
113.0,André Breitenreiter,28,2
113.0,Ja-Cheol Koo,28,3
113.0,Jürgen Moll,28,3
113.0,Hakan Çalhanoğlu,28,3
113.0,Jakub Błaszczykowski,28,4
113.0,Wolfgang Grobe,28,4
113.0,Martin Petrow,28,6
113.0,Niclas Füllkrug,28,6
113.0,Amoroso,28,9
113.0,Jürgen Kalb,28,12
113.0,Michael Kutzop,28,17
114.0,Mohamadou Idrissou,27,0
114.0,Sven Demandt,27,0
114.0,Maximilian Philipp,27,0
114.0,Erdal Keser,27,0
114.0,Paul Steiner,27,0
114.0,Eren Derdiyok,27,0
114.0,Sebastian Freis,27,0
114.0,Horst Trimhold,27,0
114.0,Angelos Charisteas,27,0
114.0,Olaf Bodden,27,0
114.0,Peter Meyer,27,0
114.0,Julian Schieber,27,0
114.0,Daniel Van Buyten,27,0
114.0,Magnus Arvidsson,27,0
114.0,Werner Lotz,27,0
114.0,Christian Wörns,27,1
114.0,Arie van Lent,27,3
114.0,Marc Wilmots,27,3
114.0,Günther Herrmann,27,3
114.0,Dietmar Danner,27,3
114.0,Adel Sellimi,27,5
115.0,Karl-Heinz Kamp,26,0
115.0,Franz-Josef Tenhagen,26,0
115.0,Walter Oswald,26,0
115.0,Dieter Trunk,26,0
115.0,Mame Diouf,26,0
115.0,Delron Buckley,26,0
115.0,Heiko Westermann,26,0
115.0,Yuya Osako,26,0
115.0,Matthias Herget,26,0
115.0,Gustav Jung,26,0
115.0,Maurice Banach,26,0
115.0,Lewis Holtby,26,0
115.0,Yasuhiko Okudera,26,0
115.0,Manfred Binz,26,1
115.0,Sami Allagui,26,1
115.0,Leonardo Bittencourt,26,1
115.0,Raphaël Guerreiro,26,1
115.0,Sidney Sam,26,2
115.0,Nando Rafael,26,2
115.0,Boubacar Sanogo,26,2
115.0,Róbert Vittek,26,3
115.0,Saša Ćirić,26,5
115.0,Holger Brück,26,8
115.0,Ludwig Müller,26,14
115.0,Hans Jörg Butt,26,26
116.0,Eberhard Carl,25,0
116.0,Uwe Kliemann,25,0
116.0,Marcell Jansen,25,0
116.0,Naohiro Takahara,25,0
116.0,Stephan Paßlack,25,0
116.0,Bernd Förster,25,0
116.0,Bordon,25,0
116.0,Juan Arango,25,0
116.0,Tasso Wild,25,0
116.0,Alex Alves,25,0
116.0,Stefan Aigner,25,0
116.0,Jörg Heinrich,25,0
116.0,Kurt Jara,25,0
116.0,Ebi Smolarek,25,0
116.0,Peter Peschel,25,0
116.0,Franz Krauthausen,25,0
116.0,Helmut Hermann,25,0
116.0,Demba Ba,25,0
116.0,Ishak Belfodil,25,1
116.0,Klaus Beverungen,25,1
116.0,Markus Feldhoff,25,1
116.0,Jan Schlaudraff,25,2
116.0,Dirk Lottner,25,3
116.0,Uwe Tschiskale,25,3
116.0,David Alaba,25,3
116.0,Josef Weikl,25,7
116.0,Stefan Reuter,25,8
117.0,Rolf Blau,24,0
117.0,Michael Tarnat,24,0
117.0,Heinz Gründel,24,0
117.0,Marco Russ,24,0
117.0,Gilbert Gress,24,0
117.0,Guido Burgstaller,24,0
117.0,Jan Rosenthal,24,0
117.0,Lucas Höler,24,0
117.0,Sebastian Kehl,24,0
117.0,Karlheinz Geils,24,0
117.0,Leroy Sané,24,0
117.0,Heinz Stickel,24,0
117.0,Christian Eigler,24,0
117.0,Ciprian Marica,24,1
117.0,Jacek Krzynowek,24,2
117.0,Jean-Philippe Mateta,24,2
117.0,Uwe Bracht,24,3
117.0,Sébastien Haller,24,4
117.0,Lothar Schämer,24,4
117.0,Dodi Lukebakio,24,6
118.0,Lothar Sippel,23,0
118.0,Hans Rebele,23,0
118.0,Henrich Mchitarjan,23,0
118.0,Theodor Gebre Selassie,23,0
118.0,Julian Draxler,23,0
118.0,Pablo Thiam,23,0
118.0,Franz Merkhoffer,23,0
118.0,Uwe Wassmer,23,0
118.0,Henri Fuchs,23,0
118.0,Michael Schröder,23,0
118.0,Thomas Parits,23,0
118.0,Christian Schulz,23,0
118.0,Toni Kroos,23,0
118.0,Rainer Zobel,23,0
118.0,Jan Mattsson,23,0
118.0,Kevin Großkreutz,23,0
118.0,Carsten Nielsen,23,0
118.0,Tobias Werner,23,0
118.0,Kevin De Bruyne,23,0
118.0,Ciriaco Sforza,23,0
118.0,Paco Alcacer,23,1
118.0,Bernd Lorenz,23,1
118.0,Didier Six,23,1
118.0,René Tretschok,23,2
118.0,Dieter Höller,23,2
118.0,Gerd-Volker Schock,23,2
118.0,Peter Közle,23,2
118.0,Rouwen Hennings,23,5
118.0,Ludwig Kögl,23,8
118.0,Sergio Zárate,23,8
119.0,Manfred Rummel,22,0
119.0,Srđan Lakić,22,0
119.0,Moussa Diaby,22,0
119.0,Christoph Dabrowski,22,0
119.0,Carsten Ramelow,22,0
119.0,Peter Szech,22,0
119.0,Bernd Windhausen,22,0
119.0,Torbjörn Nilsson,22,0
119.0,Karim Onisiwo,22,0
119.0,Hans Dorfner,22,0
119.0,Uli Bittcher,22,0
119.0,Gerhard Poschner,22,0
119.0,Lúcio,22,0
119.0,Thomas Berthold,22,0
119.0,Ivan Buljan,22,0
119.0,Artjoms Rudņevs,22,0
119.0,Matthias Hagner,22,0
119.0,Sasa Kalajdzic,22,1
119.0,Lars Bender,22,1
119.0,Josélu,22,1
119.0,Horst Wohlers,22,1
119.0,Dorinel Munteanu,22,1
119.0,Søren Lerby,22,2
119.0,Günter Kuntz,22,2
119.0,Herbert Zimmermann,22,3
119.0,Nuri Şahin,22,3
119.0,Michael Thurk,22,3
119.0,Vladimír Darida,22,4
119.0,Franco Di Santo,22,4
119.0,Helmut Kapitulski,22,4
119.0,Andreas Ivanschitz,22,7
119.0,Otto Rehhagel,22,11
120.0,İlyas Tüfekçi,21,0
120.0,Jens Todt,21,0
120.0,Ulrik le Fevre,21,0
120.0,Arno Glesius,21,0
120.0,Bernd Dörfel,21,0
120.0,Zlatko Junuzović,21,0
120.0,Andrzej Buncol,21,0
120.0,Marcus Thuram,21,0
120.0,Dietmar Beiersdorfer,21,0
120.0,Peter Cestonaro,21,0
120.0,Peter Dietrich,21,0
120.0,Kalle Del'Haye,21,0
120.0,Diethelm Ferner,21,0
120.0,Georg Schwarzenbeck,21,0
120.0,Holger Willmer,21,0
120.0,Armin Eck,21,0
120.0,França,21,0
120.0,Thomas Kroth,21,0
120.0,Wolfgang Weber,21,0
120.0,Benjamin Auer,21,0
120.0,Hermann Bitz,21,0
120.0,Peter Schwarz,21,0
120.0,Hans-Georg Dreßen,21,1
120.0,Bo Larsson,21,1
120.0,Sérgio da Silva Pinto,21,1
120.0,Franz Raschid,21,1
120.0,Taiwo Awoniyi,21,2
120.0,Gerhard Kleppinger,21,2
120.0,Paul Holz,21,2
120.0,Đorđe Pavlić,21,3
120.0,Piotr Trochowski,21,3
120.0,Ondrej Duda,21,3
120.0,Milot Rashica,21,4
120.0,Reinhard Meier,21,5
120.0,Harald Konopka,21,5
120.0,Branimir Hrgota,21,6
120.0,Ervin Skela,21,7
120.0,Horst Weyerich,21,13
120.0,Paul Verhaegh,21,17
121.0,Kurt Eigl,20,0
121.0,Lars Bastrup,20,0
121.0,Udo Horsmann,20,0
121.0,Hans-Werner Hartl,20,0
121.0,Thomas Hitzlsperger,20,0
121.0,Arnold Bruggink,20,0
121.0,Günter Fürhoff,20,0
121.0,Jan Olsson,20,0
121.0,Christoph Baumgartner,20,0
121.0,Hans-Peter Lehnhoff,20,0
121.0,Andreas Fischer,20,0
121.0,Hugo Dausmann,20,0
121.0,Peter Loontiens,20,0
121.0,Mike Büskens,20,0
121.0,Sven Schipplock,20,0
121.0,Hans Schäfer,20,0
121.0,Hanno Balitsch,20,0
121.0,Yoshinori Muto,20,0
121.0,Ludwig Denz,20,0
121.0,Tom Dooley,20,0
121.0,Kudi Müller,20,1
121.0,Krisztian Lisztes,20,1
121.0,Harry Decheiver,20,2
121.0,Norbert Stolzenburg,20,2
121.0,Tomáš Rosický,20,3
121.0,Franco Foda,20,5
122.0,Aki Schmidt,19,0
122.0,Per Mertesacker,19,0
122.0,Joshua Kimmich,19,0
122.0,Łukasz Piszczek,19,0
122.0,Matthias Scherz,19,0
122.0,Frank Greiner,19,0
122.0,Andreas Keim,19,0
122.0,Daniel Bierofka,19,0
122.0,Heinz Knüwe,19,0
122.0,Gerd Roggensack,19,0
122.0,Ralf Weber,19,0
122.0,Bruno Hübner,19,0
122.0,Roland Weidle,19,0
122.0,Frank Fahrenhorst,19,0
122.0,Rolf Geiger,19,0
122.0,Gerhard Neuser,19,0
122.0,Ali Daei,19,0
122.0,Robson Ponte,19,0
122.0,Ashkan Dejagah,19,0
122.0,Sascha Jusufi,19,0
122.0,Uli Borowka,19,0
122.0,Hasse Holmqvist,19,1
122.0,Wolfgang Grzyb,19,1
122.0,Thomas Sobotzik,19,2
122.0,Jürgen Weber,19,2
122.0,Sebastian Polter,19,3
122.0,Bodo Mattern,19,4
122.0,Luca Waldschmidt,19,6
122.0,Roland Grahammer,19,9
123.0,Jürgen Jendrossek,18,0
123.0,Michael Klinkert,18,0
123.0,Sascha Mölders,18,0
123.0,Dieter Lieberwirth,18,0
123.0,Peter Sendscheid,18,0
123.0,Fabian Johnson,18,0
123.0,Uwe Müller,18,0
123.0,Iwan Sajenko,18,0
123.0,Oskar Lotz,18,0
123.0,Florian Kringe,18,0
123.0,Markus Weissenberger,18,0
123.0,Christian Springer,18,0
123.0,Sergiu Radu,18,0
123.0,Martin Driller,18,0
123.0,Christian Wück,18,0
123.0,Gojko Kačar,18,0
123.0,Tomasz Wałdoch,18,0
123.0,Rainer Krieg,18,0
123.0,Mladen Krstajić,18,0
123.0,Kai Michalke,18,0
123.0,Günter Breitzke,18,0
123.0,Daniel Simmes,18,0
123.0,Jay Jay Okocha,18,1
123.0,Ivo Iličević,18,1
123.0,Kerem Demirbay,18,1
123.0,Hartmut Heidemann,18,1
123.0,Uwe Fuchs,18,1
123.0,Jörg Neun,18,2
123.0,Sebastian Andersson,18,2
123.0,Klaus Winkler,18,2
123.0,Christian Sackewitz,18,2
123.0,Sebastian Deisler,18,2
123.0,Soumaila Coulibaly,18,2
123.0,Bernd Schuster,18,3
123.0,Werner Schneider,18,3
123.0,Elmar May,18,3
123.0,Peter Madsen,18,3
123.0,Hans Cieslarczyk,18,3
123.0,Thomas Brunner,18,5
123.0,Ernst Diehl,18,6
123.0,Dietmar Demuth,18,11
124.0,Jürgen Hartmann,17,0
124.0,Thiago Alcântara,17,0
124.0,Manfred Tripbacher,17,0
124.0,Willi Orban,17,0
124.0,Axel Roos,17,0
124.0,Markus Kurth,17,0
124.0,Joel Matip,17,0
124.0,Artur Sobiech,17,0
124.0,David Jarolím,17,0
124.0,Martin Hinteregger,17,0
124.0,Jaro Deppe,17,0
124.0,Gerd Kasperski,17,0
124.0,Hans-Jürgen Köper,17,0
124.0,Marco Richter,17,0
124.0,Sebastian Rudy,17,0
124.0,Ante Rebić,17,0
124.0,Lárus Guðmundsson,17,0
124.0,Pál Dardai,17,0
124.0,Florian Neuhaus,17,0
124.0,Chinedu Obasi,17,0
124.0,Alfred Nijhuis,17,0
124.0,Josip Brekalo,17,0
124.0,Tamás Hajnal,17,0
124.0,Cédric Makiadi,17,0
124.0,John Danielsen,17,0
124.0,Max Meyer,17,0
124.0,Roberto Hilbert,17,0
124.0,Zlatan Bajramović,17,0
124.0,Momo Diabang,17,0
124.0,Antonio Di Salvo,17,0
124.0,Brian Laudrup,17,0
124.0,Piotr Nowak,17,0
124.0,Stefan Reisinger,17,0
124.0,Imre Szabics,17,0
124.0,Nando,17,0
124.0,Karlheinz Förster,17,0
124.0,Max Lorenz,17,1
124.0,Olaf Janßen,17,1
124.0,Hiroshi Kiyotake,17,2
124.0,Leon Andreasen,17,2
124.0,Václav Svěrkoš,17,2
124.0,Manfred Kreuz,17,3
124.0,Hans Sturm,17,4
124.0,Zdravko Kuzmanović,17,8
124.0,Harry Koch,17,8
125.0,Renato Steffen,16,0
125.0,Benjamin Köhler,16,0
125.0,Neven Subotić,16,0
125.0,Benito Raman,16,0
125.0,Oscar Wendt,16,0
125.0,Kalle Klostermann,16,0
125.0,Chen Yang,16,0
125.0,Jens Dowe,16,0
125.0,Johnny Ekström,16,0
125.0,Wolfgang Wolf,16,0
125.0,Harald Cerny,16,0
125.0,Bjarne Goldbæk,16,0
125.0,Rudi Gores,16,0
125.0,Manuel Friedrich,16,0
125.0,Matthias Ginter,16,0
125.0,Stefan Lottermann,16,0
125.0,Marko Topic,16,0
125.0,İlkay Gündoğan,16,0
125.0,Thomas Hörster,16,0
125.0,Michael Sziedat,16,0
125.0,Frank Baumann,16,0
125.0,Bernhard Trares,16,0
125.0,Karl-Heinz Mrosko,16,0
125.0,Rade Prica,16,0
125.0,Jan Svensson,16,0
125.0,Arthur Dobat,16,0
125.0,Andreas Neuendorf,16,0
125.0,Thomas Rohrbach,16,0
125.0,Michael Rzehaczek,16,1
125.0,Horst Feilzer,16,1
125.0,Dimitar Rangelow,16,1
125.0,Georg Lechner,16,1
125.0,Roland Sallai,16,1
125.0,Miroslav Kadlec,16,1
125.0,Haris Seferović,16,1
125.0,Kevin-Prince Boateng,16,1
125.0,Horst Steffen,16,2
125.0,Hans-Joachim Weller,16,2
125.0,Willi Kraus,16,3
125.0,Miroslav Stević,16,3
125.0,Ivica Banović,16,4
125.0,Hans-Günter Neues,16,4
125.0,Altin Rraklli,16,4
125.0,Hermann Straschitz,16,8
125.0,Jürgen Kohle,16,9
125.0,Ludwig Nolden,16,15
126.0,Sepp Piontek,15,0
126.0,Zvonimir Soldo,15,0
126.0,Igor de Camargo,15,0
126.0,Hartmann Madl,15,0
126.0,Sergio Allievi,15,0
126.0,Suat Serdar,15,0
126.0,Willi Koslowski,15,0
126.0,Michael Künast,15,0
126.0,Christian Clemens,15,0
126.0,Hartmut Konschal,15,0
126.0,Hamit Altintop,15,0
126.0,Heiko Laeßig,15,0
126.0,Wladimir But,15,0
126.0,Peer Kluge,15,0
126.0,Thomas Linke,15,0
126.0,Jochen Seitz,15,0
126.0,Harald Krämer,15,0
126.0,Nadiem Amiri,15,0
126.0,Jürgen Sobieray,15,0
126.0,Dimitrios Moutas,15,0
126.0,Norbert Hofmann,15,0
126.0,Michael Sternkopf,15,0
126.0,Peter Wulf,15,0
126.0,Marcel Risse,15,0
126.0,Markus Feulner,15,0
126.0,Dietmar Klinger,15,0
126.0,Rüdiger Mielke,15,0
126.0,Luiz Gustavo,15,0
126.0,Andreas Buck,15,0
126.0,Jorginho,15,0
126.0,Hans-Georg Dulz,15,0
126.0,Zoubaïer Baya,15,0
126.0,Marco Haber,15,0
126.0,Stefan Studer,15,0
126.0,Rade Bogdanovic,15,0
126.0,Mirosław Okoński,15,0
126.0,Felix Klaus,15,0
126.0,Änis Ben-Hatira,15,0
126.0,Hans Schumacher,15,0
126.0,Hany Ramzy,15,0
126.0,Wolfgang Dremmler,15,0
126.0,Slawomir Majak,15,0
126.0,Stefan Schnoor,15,1
126.0,Hermann Erlhoff,15,1
126.0,Rainer Zietsch,15,1
126.0,Florian Kainz,15,1
126.0,Uwe Harttgen,15,1
126.0,Herbert Heidenreich,15,1
126.0,Philipp Max,15,1
126.0,Pawel Pogrebnjak,15,1
126.0,Peter Wibrån,15,2
126.0,Dieter Koulmann,15,2
126.0,Thorsten Legat,15,2
126.0,Pablo de Blasis,15,3
126.0,Igor Demo,15,3
126.0,Gerd Dais,15,3
126.0,Vasile Miriuţă,15,5
126.0,Ricardo Rodríguez,15,8
127.0,Alexander Borodjuk,14,0
127.0,Dirk Hupe,14,0
127.0,Lukas Rupp,14,0
127.0,Hans-Otto Peters,14,0
127.0,Hendrik Herzog,14,0
127.0,Erwin Stein,14,0
127.0,Jannik Vestergaard,14,0
127.0,Winfried Richter,14,0
127.0,Marko Arnautović,14,0
127.0,Georgi Donkow,14,0
127.0,Juri Sawitschew,14,0
127.0,Pasi Rautiainen,14,0
127.0,Oliver Kreuzer,14,0
127.0,Horst Berg,14,0
127.0,Christian Timm,14,0
127.0,Holger Trimhold,14,0
127.0,Gilberto,14,0
127.0,Sami Khedira,14,0
127.0,Arne Friedrich,14,0
127.0,James Rodríguez,14,0
127.0,Ralf Balzis,14,0
127.0,Uwe Weidemann,14,0
127.0,Marc Oechler,14,0
127.0,Martin Fenin,14,0
127.0,Willi Hoffmann,14,0
127.0,Tomáš Pekhart,14,0
127.0,Hans-Jürgen Sperlich,14,0
127.0,Alexander Hleb,14,0
127.0,Mike Frantz,14,0
127.0,Simon Zoller,14,0
127.0,Andrzej Rudy,14,0
127.0,Hans-Jürgen Ferdinand,14,0
127.0,Nico Braun,14,0
127.0,Florian Weichert,14,0
127.0,Manfred Schwabl,14,0
127.0,Christian Rahn,14,0
127.0,Salif Sané,14,0
127.0,Hans Weiner,14,0
127.0,Naby Keita,14,0
127.0,Radoslav Látal,14,0
127.0,Hubert Schmitz,14,0
127.0,Alexander Esswein,14,0
127.0,Gerhard Grau,14,0
127.0,Jan Åge Fjørtoft,14,1
127.0,Thomas Reis,14,1
127.0,Norbert Fruck,14,1
127.0,Antônio da Silva,14,1
127.0,Reiner Wirsching,14,1
127.0,Jonathan Burkardt,14,1
127.0,Peter Gutzeit,14,1
127.0,Isaac Boakye,14,1
127.0,Steven Zuber,14,1
127.0,Marcus Ingvartsen,14,2
127.0,Danijel Ljuboja,14,2
127.0,Goncalo Paciencia,14,2
127.0,Philipp Lahm,14,2
127.0,Matheus Cunha,14,2
127.0,Viorel Năstase,14,2
127.0,Günter Güttler,14,2
127.0,Mikael Forssell,14,3
127.0,Thomas Stickroth,14,3
127.0,Klaus Fichtel,14,4
127.0,Tomasz Hajto,14,4
127.0,Youri Djorkaeff,14,4
127.0,Eugen Polanski,14,5
127.0,Michael Harforth,14,6
127.0,Matthias Lehmann,14,6
127.0,Michael Zeyer,14,9
127.0,Klaus Theiss,14,9
127.0,Frank Heinemann,14,10
128.0,Lothar Dittmer,13,0
128.0,Jörg Bach,13,0
128.0,Frank Benatelli,13,0
128.0,Peter Lübeke,13,0
128.0,Roel Brouwers,13,0
128.0,Mathias Hemmersbach,13,0
128.0,Uwe Jähnig,13,0
128.0,Joachim Philipkowski,13,0
128.0,Bart Goor,13,0
128.0,Timothy Chandler,13,0
128.0,Anders Giske,13,0
128.0,Dong-Won Ji,13,0
128.0,Alexandru Maxim,13,0
128.0,Markus Osthoff,13,0
128.0,Niklas Süle,13,0
128.0,Carsten Wolters,13,0
128.0,Sven Kmetsch,13,0
128.0,Christian Pulisic,13,0
128.0,Martín Demichelis,13,0
128.0,Martin Stranzl,13,0
128.0,Collin Benjamin,13,0
128.0,Ruben Vargas,13,0
128.0,Radmilo Mihajlović,13,0
128.0,Karl Berger,13,0
128.0,Nico Jan Hoogma,13,0
128.0,Rudolf Stenzel,13,0
128.0,Holger Aden,13,0
128.0,Stefan Bell,13,0
128.0,Heinz Versteeg,13,0
128.0,Thomas Schaaf,13,0
128.0,Dieter Nüssing,13,0
128.0,Marcel Schäfer,13,0
128.0,Marc Keller,13,0
128.0,Günter Keute,13,0
128.0,Martin Groth,13,0
128.0,Pavel Hapal,13,0
128.0,Florian Wirtz,13,0
128.0,Kenan Karaman,13,0
128.0,Burkhard Segler,13,0
128.0,Michael Bella,13,0
128.0,Bernd Dierßen,13,0
128.0,Burkhard Reich,13,0
128.0,Ilija Zavišić,13,0
128.0,Joel Pohjanpalo,13,0
128.0,Albert Bunjaku,13,0
128.0,Werner Gräber,13,0
128.0,Valdas Ivanauskas,13,0
128.0,Michael Blättel,13,0
128.0,Rigobert Gruber,13,0
128.0,Robin Knoche,13,0
128.0,Marko Babić,13,0
128.0,Siegfried Bronnert,13,0
128.0,Igor Pamić,13,0
128.0,Zoltán Sebescen,13,0
128.0,Dieter Schwemmle,13,0
128.0,Konstantin Rausch,13,1
128.0,Karl-Heinz Mülhausen,13,1
128.0,Fred Schaub,13,1
128.0,Willi Giesemann,13,1
128.0,Mesut Özil,13,1
128.0,Christian Tiffert,13,1
128.0,Włodzimierz Smolarek,13,1
128.0,Timo Lange,13,2
128.0,Michael Tönnies,13,2
128.0,Carlos Eduardo,13,3
128.0,Charles Akonnor,13,3
128.0,Georg Damjanoff,13,3
128.0,Vlad Munteanu,13,4
128.0,Ramy Bensebaini,13,5
128.0,Günter Sebert,13,6
128.0,Laurentiu Reghecampf,13,6
128.0,Moritz Hartmann,13,8
128.0,Filip Daems,13,12
129.0,Thomas Wolter,12,0
129.0,Egon Köhnen,12,0
129.0,Manfred Wuttich,12,0
129.0,Henrik Agerbeck,12,0
129.0,Markus Babbel,12,0
129.0,Harald Braner,12,0
129.0,Ralf Loose,12,0
129.0,Ibrahima Traoré,12,0
129.0,Benedikt Höwedes,12,0
129.0,Erich Meier,12,0
129.0,Manfred Drexler,12,0
129.0,Maik Franz,12,0
129.0,Peter Hermann,12,0
129.0,Fritz Fuchs,12,0
129.0,Fred Hoff,12,0
129.0,Stefan Reinartz,12,0
129.0,Bernd Wehmeyer,12,0
129.0,Dieter Weinkauff,12,0
129.0,Jonas Hector,12,0
129.0,Miloš Jojić,12,0
129.0,Dédé,12,0
129.0,Klaus Hänel,12,0
129.0,Uwe Rösler,12,0
129.0,Marius Wolf,12,0
129.0,Willi Sturm,12,0
129.0,Marko Rehmer,12,0
129.0,Uwe Klimaschefski,12,0
129.0,Levin Öztunali,12,0
129.0,Martin Kübler,12,0
129.0,Uli Stielike,12,0
129.0,Fred Heiser,12,0
129.0,Claus Brune,12,0
129.0,Bastian Reinhardt,12,0
129.0,Caiuby,12,0
129.0,Holger Gaißmayer,12,0
129.0,Dan Corneliusson,12,0
129.0,Ridle Baku,12,0
129.0,Peter Hayduk,12,0
129.0,Dante,12,0
129.0,Gerd Saborowski,12,0
129.0,Michael Fink,12,0
129.0,Christian Giménez,12,0
129.0,John Anthony Brooks,12,0
129.0,Georg Niedermeier,12,0
129.0,Yannick Gerhardt,12,0
129.0,Gustav Flachenecker,12,0
129.0,Heiko Bonan,12,0
129.0,Helmut Schröder,12,0
129.0,Marco Streller,12,0
129.0,Thomas Reichenberger,12,0
129.0,Norbert Elgert,12,0
129.0,Ralf Kohl,12,0
129.0,Jürgen Mohr,12,0
129.0,Daniel Stendel,12,0
129.0,Erwin Waldner,12,0
129.0,Fabian Ernst,12,0
129.0,Maximilian Eggestein,12,0
129.0,Roda Antar,12,0
129.0,Torsten Wohlert,12,0
129.0,Helmut Faeder,12,0
129.0,Karlheinz Meininger,12,0
129.0,Uwe Neuhaus,12,0
129.0,Jean-Paul Boëtius,12,0
129.0,Cezary Tobollik,12,1
129.0,Ruud van Nistelrooy,12,1
129.0,Rudi Assauer,12,1
129.0,Jean-Kévin Augustin,12,1
129.0,Rune Bratseth,12,1
129.0,Manfred Cremer,12,1
129.0,Torsten Gütschow,12,1
129.0,Janik Haberer,12,1
129.0,Davy Klaassen,12,1
129.0,Marko Marin,12,1
129.0,Matthias Breitkreutz,12,1
129.0,Amine Harit,12,2
129.0,Krzysztof Piatek,12,2
129.0,Herbert Scheller,12,2
129.0,Jens Scharping,12,2
129.0,Egon Flad,12,3
129.0,Ivan Rakitić,12,3
129.0,Abdelaziz Ahanfouf,12,3
129.0,Bernd Martin,12,4
129.0,Emre Can,12,4
129.0,Rafinha,12,4
129.0,Markus Münch,12,5
129.0,Wolfgang Trapp,12,5
129.0,Michael Schjønberg,12,7
129.0,Jörg Dittwar,12,8
129.0,Nabil Bentaleb,12,8
130.0,Xherdan Shaqiri,11,0
130.0,Jacek Dembiński,11,0
130.0,Mahmoud Dahoud,11,0
130.0,Heiko Scholz,11,0
130.0,Matthias Bruns,11,0
130.0,Norbert Eder,11,0
130.0,Wolfgang Sühnholz,11,0
130.0,Corentin Tolisso,11,0
130.0,Marco Gebhardt,11,0
130.0,Mark van Bommel,11,0
130.0,Alessandro Schöpf,11,0
130.0,Winfried Berkemeier,11,0
130.0,Joris van Hout,11,0
130.0,Elkin Soto,11,0
130.0,Frank Verlaat,11,0
130.0,Walter Hohnhausen,11,0
130.0,Conny Torstensson,11,0
130.0,Patrik Andersson,11,0
130.0,Edu,11,0
130.0,Bernd Schmidt,11,0
130.0,Jeff Strasser,11,0
130.0,Rainer Schönwälder,11,0
130.0,Fernando Baiano,11,0
130.0,Harry de Vlugt,11,0
130.0,Peter Krobbach,11,0
130.0,Wladimir Bestschastnych,11,0
130.0,Manfred Dubski,11,0
130.0,Radosław Gilewicz,11,0
130.0,Hermann Bredenfeld,11,0
130.0,Mazinho,11,0
130.0,Jordan Letschkow,11,0
130.0,Jamal Musiala,11,0
130.0,Ruggiero Rizzitelli,11,0
130.0,Thomas Kristl,11,0
130.0,Munas Dabbur,11,0
130.0,Raimund Krauth,11,0
130.0,Heiko Gerber,11,0
130.0,Eljero Elia,11,0
130.0,Emerson,11,0
130.0,Grischa Prömel,11,0
130.0,Sebastian Rode,11,0
130.0,Heiner Baltes,11,0
130.0,Karim Haggui,11,0
130.0,Joshua Sargent,11,0
130.0,Denis Zakaria,11,0
130.0,Roger Claessen,11,0
130.0,Jens Nowotny,11,0
130.0,Guido Hoffmann,11,0
130.0,Otto Addo,11,0
130.0,Manasseh Ishiaku,11,0
130.0,Egon Schmitt,11,0
130.0,Thomas Delaney,11,0
130.0,Albert Streit,11,0
130.0,Christian Breuer,11,0
130.0,Ryszard Cyroń,11,0
130.0,Adolfo Valencia,11,0
130.0,Marcel Heller,11,0
130.0,Frank Türr,11,0
130.0,Daichi Kamada,11,0
130.0,Fernando Meira,11,1
130.0,Dani Olmo,11,1
130.0,Waldemar Słomiany,11,1
130.0,André Trulsen,11,1
130.0,Dietmar Hirsch,11,1
130.0,Jürgen Gronau,11,1
130.0,Cícero,11,1
130.0,Otto Luttrop,11,1
130.0,Alain Sutter,11,1
130.0,Lajos Détári,11,1
130.0,Jairo Samperio,11,2
130.0,Jan-Ingwer Callsen-Bracker,11,2
130.0,Marcel Halstenberg,11,2
130.0,Nico Claesen,11,2
130.0,Werner Biskup,11,3
130.0,Thomas Meggle,11,3
130.0,Silas Katompa Mvumpa,11,3
130.0,Thorben Marx,11,3
130.0,Nebojsa Krupnikovic,11,4
130.0,Jürgen Neumann,11,4
130.0,Marijan Kovačević,11,5
130.0,Timmy Simons,11,7
130.0,Daniel Brosinski,11,8
130.0,Egon Milder,11,8
131.0,Knut Reinhardt,10,0
131.0,Günter Drews,10,0
131.0,Christian Fuchs,10,0
131.0,Helmut Gulich,10,0
131.0,Rico Steinmann,10,0
131.0,Detlev Lauscher,10,0
131.0,Wilfried Trenkel,10,0
131.0,Rob Friend,10,0
131.0,Manfred Greif,10,0
131.0,Norbert Siegmann,10,0
131.0,Robert Andrich,10,0
131.0,Jürgen Rumor,10,0
131.0,Andreas Merkle,10,0
131.0,Ellyes Skhiri,10,0
131.0,Branko Oblak,10,0
131.0,René Schneider,10,0
131.0,Waleri Schmarow,10,0
131.0,Håvard Nordtveit,10,0
131.0,Helmut Huttary,10,0
131.0,Axel Witsel,10,0
131.0,Oliver Bierhoff,10,0
131.0,Hans-Günter Etterich,10,0
131.0,Jürgen Kurbjuhn,10,0
131.0,Alexander Schur,10,0
131.0,Peter Blusch,10,0
131.0,Uwe Hahn,10,0
131.0,Rudolf Nafziger,10,0
131.0,Johannes Flum,10,0
131.0,Roland Weida,10,0
131.0,Lukas Klostermann,10,0
131.0,Mirko Dickhaut,10,0
131.0,Boris Živković,10,0
131.0,Jonas Kamper,10,0
131.0,Massimilian Porcello,10,0
131.0,Reinhard Majgl,10,0
131.0,Per Nilsson,10,0
131.0,Juan,10,0
131.0,Karsten Surmann,10,0
131.0,Mathew Leckie,10,0
131.0,Chris,10,0
131.0,Michael Lusch,10,0
131.0,Julian Schuster,10,0
131.0,Ralf Sievers,10,0
131.0,Willi Dürrschnabel,10,0
131.0,Wilhelm Wrenger,10,0
131.0,Christoph Kramer,10,0
131.0,Ion Vlădoiu,10,0
131.0,Martin Schneider,10,0
131.0,August Starek,10,0
131.0,Meinolf Koch,10,0
131.0,Tommy Bechmann,10,0
131.0,Wolfgang Pohl,10,0
131.0,Karl-Heinz Krott,10,0
131.0,Gert Trinklein,10,0
131.0,Martin Trieb,10,0
131.0,Krzysztof Nowak,10,0
131.0,Alan McInally,10,0
131.0,Martin Lanig,10,0
131.0,Sebastian Prödl,10,0
131.0,Ivo Ulich,10,0
131.0,Uwe Scherr,10,0
131.0,Slobodan Komljenovic,10,0
131.0,Fred Hesse,10,0
131.0,Thomas Seeliger,10,0
131.0,Willibert Kremer,10,0
131.0,Karl-Heinz Bechmann,10,0
131.0,Hans-Joachim Altendorff,10,0
131.0,Michael Dusek,10,0
131.0,Aristide Bancé,10,0
131.0,Martin Spanring,10,0
131.0,Sascha Riether,10,0
131.0,Tita,10,0
131.0,Markus Kranz,10,1
131.0,Søren Larsen,10,1
131.0,Detlev Dammeier,10,1
131.0,Hans van de Haar,10,1
131.0,Bobby Wood,10,1
131.0,Simon Terodde,10,1
131.0,Ulrich Bittorf,10,1
131.0,Mimoun Azaouagh,10,1
131.0,Ion Ionescu,10,1
131.0,Nikos Liberopoulos,10,2
131.0,Michael Bradley,10,2
131.0,Marco van Hoogdalem,10,2
131.0,Theodor Hoffmann,10,6
131.0,Ioan Lupescu,10,6
132.0,Adhemar,9,0
132.0,Kazuo Ozaki,9,0
132.0,Aytaç Sulu,9,0
132.0,Co Prins,9,0
132.0,Nico Elvedi,9,0
132.0,Renato Augusto,9,0
132.0,Harald Karger,9,0
132.0,Douglas Costa,9,0
132.0,Peter Reichel,9,0
132.0,Edmund Becker,9,0
132.0,Egon Coordes,9,0
132.0,Berti Kraus,9,0
132.0,Michael Geiger,9,0
132.0,Rolf-Christel Guié-Mien,9,0
132.0,Hans Linsenmaier,9,0
132.0,Alexander Strehmel,9,0
132.0,Mitchell Weiser,9,0
132.0,Alois Reinhardt,9,0
132.0,Dieter Meyer,9,0
132.0,Rudolf Zeiser,9,0
132.0,Hermann Lulka,9,0
132.0,Philipp Lienhart,9,0
132.0,Marc-Oliver Kempf,9,0
132.0,Georginio Rutter,9,0
132.0,Eric Wynalda,9,0
132.0,Marek Nikl,9,0
132.0,Andreas Kaiser,9,0
132.0,Juri Maksimow,9,0
132.0,Hannes Linßen,9,0
132.0,Peter Hidien,9,0
132.0,Jan Morávek,9,0
132.0,Vinicius,9,0
132.0,Domi Kumbela,9,0
132.0,Marko Grujic,9,0
132.0,Jens Jeremies,9,0
132.0,Christian Günter,9,0
132.0,Jarosław Studziżba,9,0
132.0,Sergej Juran,9,0
132.0,Milan Fukal,9,0
132.0,Helmut Littek,9,0
132.0,Detlef Pirsig,9,0
132.0,Peter van Houdt,9,0
132.0,Karsten Baumann,9,0
132.0,Woo-Yeong Jeong,9,0
132.0,Erwin Hadewicz,9,0
132.0,Michael Schütz,9,0
132.0,Alfred Glenski,9,0
132.0,Serdar Taşçı,9,0
132.0,Peter Anders,9,0
132.0,Armin Görtz,9,0
132.0,Ralf Geilenkirchen,9,0
132.0,Steffen Freund,9,0
132.0,Hans-Jürgen Wloka,9,0
132.0,André Bistram,9,0
132.0,Roland Hattenberger,9,0
132.0,Alfred Schön,9,0
132.0,Javi Martínez,9,0
132.0,Masaya Okugawa,9,0
132.0,Hans-Werner Moser,9,0
132.0,Obite Evan N'Dicka,9,0
132.0,Jürgen Gelsdorf,9,0
132.0,Jermaine Jones,9,0
132.0,Tinga,9,0
132.0,Kevin Kampl,9,0
132.0,Peter Ehmke,9,0
132.0,Joshua Kennedy,9,0
132.0,Sergio Córdova,9,0
132.0,Günther Schäfer,9,0
132.0,Franz Oberacher,9,0
132.0,Reinhold Hintermaier,9,0
132.0,Klaus Bruckmann,9,0
132.0,Michael Schulz,9,0
132.0,Oliver Westerbeek,9,0
132.0,Markus Happe,9,0
132.0,Sokratis,9,0
132.0,Erik Thommy,9,0
132.0,Andreas Schmidt,9,0
132.0,Zoltán Varga,9,1
132.0,Charles Aranguiz,9,1
132.0,Jérôme Gondorf,9,1
132.0,Michael Polywka,9,1
132.0,Jan Bartram,9,1
132.0,Miroslav Karhan,9,1
132.0,Almog Cohen,9,1
132.0,Hans Arnold,9,1
132.0,Christian Brand,9,1
132.0,Lutz Eigendorf,9,2
132.0,Gylfi Sigurðsson,9,2
132.0,Gert Fröhlich,9,2
132.0,Rolf Kucharski,9,2
132.0,Marco Weißhaupt,9,2
132.0,Moussa Niakhaté,9,3
132.0,Dirk Anders,9,3
132.0,Lukas Hinterseer,9,3
132.0,Hoppy Kurrat,9,3
132.0,Rainer Stiller,9,3
132.0,Roland Peitsch,9,4
132.0,Robert Prytz,9,5
132.0,Stefan Jambo,9,5
132.0,Gustav Witlatschil,9,6
132.0,Werner Lungwitz,9,6
132.0,Erwin Hoffmann,9,6
132.0,Stefan Reisch,9,7
133.0,Fabian Gerber,8,0
133.0,Bernd Storck,8,0
133.0,Theo Klöckner,8,0
133.0,Michal Kadlec,8,0
133.0,Fatmir Vata,8,0
133.0,Michael Krampitz,8,0
133.0,Teemu Pukki,8,0
133.0,Sotirios Kyrgiakos,8,0
133.0,Jørgen Kristensen,8,0
133.0,Karl-Heinz Brücken,8,0
133.0,Lutz Steinert,8,0
133.0,Holger Friz,8,0
133.0,Stefan Emmerling,8,0
133.0,Kyriakos Papadopoulos,8,0
133.0,Friedhelm Haebermann,8,0
133.0,Heiner Pahl,8,0
133.0,Nikolče Noveski,8,0
133.0,Michael Jakobs,8,0
133.0,Andrés D'Alessandro,8,0
133.0,Sebastian Helbig,8,0
133.0,Franz-Josef Steininger,8,0
133.0,Hans Dörre,8,0
133.0,Jon Dahl Tomasson,8,0
133.0,Helmut Rahn,8,0
133.0,Nordi Mukiele,8,0
133.0,Max Morlock,8,0
133.0,Günter Hermann,8,0
133.0,Rafael Borré,8,0
133.0,Benjamin Hübner,8,0
133.0,Dieter Frey,8,0
133.0,Klaus Thies,8,0
133.0,Marino Biliskov,8,0
133.0,Nico Patschinski,8,0
133.0,Manfred Berz,8,0
133.0,Bernd Krauss,8,0
133.0,Pavel Kadeřábek,8,0
133.0,Maximilian Beister,8,0
133.0,Günter Bittengel,8,0
133.0,Frank Lelle,8,0
133.0,Peter Niemeyer,8,0
133.0,Thomas Epp,8,0
133.0,Norbert Dronia,8,0
133.0,Sebastiaan Bornauw,8,0
133.0,Hans Pirkner,8,0
133.0,Peniel Mlapa,8,0
133.0,Sibusiso Zuma,8,0
133.0,Jan Heintze,8,0
133.0,Vragel da Silva,8,0
133.0,Reiner Geyer,8,0
133.0,Jan Šimák,8,0
133.0,Sargis Adamyan,8,0
133.0,Joël Epalle,8,0
133.0,Markus Kreuz,8,0
133.0,Srećko Bogdan,8,0
133.0,Ernst Kuster,8,0
133.0,Gerd Menne,8,0
133.0,Bent Christensen,8,0
133.0,Caio,8,0
133.0,Eckhard Deterding,8,0
133.0,Gunnar Sauer,8,0
133.0,Sven Michel,8,0
133.0,Marcin Mięciel,8,0
133.0,Lukas Nmecha,8,0
133.0,Gerrit Holtmann,8,0
133.0,Toni Allemann,8,0
133.0,Stefan Pater,8,0
133.0,Nicolas Höfler,8,0
133.0,Karsten Hutwelker,8,0
133.0,Marius Bülter,8,0
133.0,Darío Lezcano,8,0
133.0,Walter Krause,8,0
133.0,Niels Oude Kamphuis,8,0
133.0,Josuha Guilavogui,8,0
133.0,Michael Gue,8,0
133.0,Valentin Stocker,8,0
133.0,Rudolf Schmidt,8,0
133.0,Thomas Zdebel,8,0
133.0,Michael Kühn,8,0
133.0,Hans Sondermann,8,0
133.0,Michael Delura,8,0
133.0,Sven Bender,8,0
133.0,Marvin Plattenhardt,8,0
133.0,Dieter Kitzmann,8,0
133.0,Roman Neustädter,8,0
133.0,Gerhard Elfert,8,0
133.0,Niko Bungert,8,0
133.0,Willi Soya,8,0
133.0,Christoph Preuß,8,0
133.0,Patrick Owomoyela,8,0
133.0,Roland Gerber,8,0
133.0,Antun Labak,8,0
133.0,Kevin Möhwald,8,0
133.0,Volker Ohling,8,0
133.0,Klemen Lavrič,8,0
133.0,Marco Reich,8,0
133.0,Damir Burić,8,0
133.0,Andrzej Kobylański,8,0
133.0,Marvin Compper,8,0
133.0,Ralf Vollmer,8,0
133.0,Thomas Rath,8,1
133.0,Gustavo Varela,8,1
133.0,Jens Hegeler,8,1
133.0,Herbert Hein,8,1
133.0,Ove Flindt-Bjerg,8,1
133.0,Dietmar Kühbauer,8,1
133.0,Thomas Doll,8,1
133.0,Dennis Sørensen,8,1
133.0,Marco Fabián,8,1
133.0,Philippe Coutinho,8,1
133.0,Helmut Winklhofer,8,1
133.0,Zvezdan Čebinac,8,1
133.0,Mario Vrančić,8,1
133.0,Dani Schahin,8,1
133.0,Carsten Pröpper,8,1
133.0,Dirk Bakalorz,8,2
133.0,Johannes Geis,8,2
133.0,Klaus Ottens,8,2
133.0,Marcel Maltritz,8,2
133.0,Thomas Stratos,8,3
133.0,Fabian Klos,8,3
133.0,Valerien Ismaël,8,3
133.0,Nicólas González,8,3
133.0,Roman Wójcicki,8,3
133.0,Marijo Marić,8,4
134.0,Julian Baumgartlinger,7,0
134.0,Valentino Lazaro,7,0
134.0,Kay Friedmann,7,0
134.0,Takashi Inui,7,0
134.0,Marcus Wedau,7,0
134.0,Karl-Heinz Ferschl,7,0
134.0,Daniel Jensen,7,0
134.0,Jonathan Tah,7,0
134.0,Hasse Borg,7,0
134.0,Patrick Ebert,7,0
134.0,Sergio Maciel,7,0
134.0,Holger Hieronymus,7,0
134.0,Ermedin Demirovic,7,0
134.0,David Zdrilic,7,0
134.0,Bernd Schmider,7,0
134.0,Theo Schneider,7,0
134.0,Paul Scheermann,7,0
134.0,Harald Klose,7,0
134.0,Régis Dorn,7,0
134.0,Roland Dickgießer,7,0
134.0,Marco Höger,7,0
134.0,Ender Konca,7,0
134.0,Mario Eggimann,7,0
134.0,Pawel Kryszalowicz,7,0
134.0,Timo Rost,7,0
134.0,Wilfried Sanou,7,0
134.0,Sebastian Schindzielorz,7,0
134.0,Amadou Haidara,7,0
134.0,André Winkhold,7,0
134.0,Angeliño,7,0
134.0,Michy Batshuayi,7,0
134.0,Slobodan Dubajić,7,0
134.0,Michael Opitz,7,0
134.0,Wolfgang Glock,7,0
134.0,Henrik-Ravn Jensen,7,0
134.0,Ludger van de Loo,7,0
134.0,Lothar Schneider,7,0
134.0,Robert Tesche,7,0
134.0,Wataru Endō,7,0
134.0,Emil Kostadinow,7,0
134.0,Felipe Santana,7,0
134.0,Reiss Nelson,7,0
134.0,Mehmet Ekici,7,0
134.0,Danny Schwarz,7,0
134.0,Dieter Brozulat,7,0
134.0,Joelinton,7,0
134.0,Stefan Müller,7,0
134.0,Karel Kula,7,0
134.0,Ratinho,7,0
134.0,Thomas Schneider,7,0
134.0,Rob Reekers,7,0
134.0,Sheraldo Becker,7,0
134.0,Christian Hausmann,7,0
134.0,Gustav Walenciak,7,0
134.0,Paulinho,7,0
134.0,Guido Stetter,7,0
134.0,Niklas Stark,7,0
134.0,Anastasios Donis,7,0
134.0,Flemming Lund,7,0
134.0,Walter Schmidt,7,0
134.0,Gerd Wieczorkowski,7,0
134.0,Clemens Fritz,7,0
134.0,Axel Brummer,7,0
134.0,Wolfgang Rausch,7,0
134.0,Martin Wiesner,7,0
134.0,Herbert Hoos,7,0
134.0,Samuel Kuffour,7,0
134.0,Adil Chihi,7,0
134.0,Helmut Kraus,7,0
134.0,Waldemar Steubing,7,0
134.0,Johnny Hansen,7,0
134.0,Wolfgang Lüttges,7,0
134.0,Kaan Ayhan,7,0
134.0,Hans Fritsche,7,0
134.0,Uwe Krause,7,0
134.0,Dunga,7,0
134.0,Ermin Bicakcic,7,0
134.0,Konrad Laimer,7,0
134.0,Christian Pander,7,0
134.0,Marc Kienle,7,0
134.0,Dieter Eilts,7,0
134.0,Ömer Toprak,7,0
134.0,Mark McGhee,7,0
134.0,Jörg Bode,7,0
134.0,Edgar Schneider,7,0
134.0,Thomas Hengen,7,0
134.0,Richard Walz,7,0
134.0,Hans Nowak,7,0
134.0,Achraf Hakimi,7,0
134.0,Ludger Kanders,7,0
134.0,Júlio César,7,0
134.0,Marvin Friedrich,7,0
134.0,Willy Sagnol,7,0
134.0,Dick van Burik,7,0
134.0,Elvis Rexhbecaj,7,0
134.0,Radim Kučera,7,0
134.0,Jürgen Groh,7,0
134.0,Herbert Zimmer,7,0
134.0,Oliver Straube,7,0
134.0,Dieter Prestin,7,0
134.0,Radoslaw Kaluzny,7,0
134.0,Hans-Jürgen Hellfritz,7,0
134.0,Artschil Arweladse,7,0
134.0,Kurt Schulz,7,0
134.0,Kurt Rettkowski,7,0
134.0,Philipp Wollscheid,7,0
134.0,Abder Ramdane,7,0
134.0,Þórður Guðjónsson,7,0
134.0,Marco Engelhardt,7,0
134.0,Peter Knäbel,7,0
134.0,Danny Latza,7,0
134.0,Enrico Kern,7,1
134.0,Makoto Hasebe,7,1
134.0,Pirmin Schwegler,7,1
134.0,Joachim Löw,7,1
134.0,Eduard Löwen,7,1
134.0,Predrag Pašić,7,1
134.0,Niko Semlitsch,7,1
134.0,Frank Rohde,7,1
134.0,Lorenz-Günther Köstner,7,1
134.0,Bixente Lizarazu,7,1
134.0,Ronny,7,1
134.0,Thomas Rasmussen,7,1
134.0,Torsten Oehrl,7,1
134.0,Rolf Kaemmer,7,1
134.0,Francisco Copado,7,2
134.0,Wendell,7,3
134.0,Lewan Zkitischwili,7,4
134.0,Fritz Pott,7,4
134.0,Viktor Skripnik,7,6
135.0,Divock Origi,6,0
135.0,Wolodymyr Ljutyj,6,0
135.0,Werner Killmaier,6,0
135.0,Javairo Dilrosun,6,0
135.0,Luuk de Jong,6,0
135.0,Abderrahim Ouakili,6,0
135.0,Roger Prinzen,6,0
135.0,Boris Vukčević,6,0
135.0,Uwe Meyer,6,0
135.0,Rainer Künkel,6,0
135.0,Stig Tøfting,6,0
135.0,Frank Schäffer,6,0
135.0,Kostas Stafylidis,6,0
135.0,Marius Ebbers,6,0
135.0,Jan Wouters,6,0
135.0,Georg Jung,6,0
135.0,Petr Ruman,6,0
135.0,Gerard Plessers,6,0
135.0,David Abraham,6,0
135.0,Erwin Hoffer,6,0
135.0,Karl-Heinz Sell,6,0
135.0,Róbert Mak,6,0
135.0,Markus Oberleitner,6,0
135.0,René Eijkelkamp,6,0
135.0,Horst-Dieter Berking,6,0
135.0,Du-Ri Cha,6,0
135.0,Mathias Schipper,6,0
135.0,Dieter Schlindwein,6,0
135.0,Nikola Djurdjic,6,0
135.0,Max Hagmayr,6,0
135.0,Michael Hartmann,6,0
135.0,Ivica Grlić,6,0
135.0,Joris Mathijsen,6,0
135.0,Jiří Němec,6,0
135.0,Thomas Süss,6,0
135.0,Theodor Rieländer,6,0
135.0,Florian Grillitsch,6,0
135.0,Rolf Schweighöfer,6,0
135.0,Uwe Möhrle,6,0
135.0,Hans-Joachim Pochstein,6,0
135.0,Wolfgang Metzler,6,0
135.0,Hartwig Bleidick,6,0
135.0,Zoltán Stieber,6,0
135.0,Daniel Baier,6,0
135.0,Philipp Bargfrede,6,0
135.0,Marco Vorbeck,6,0
135.0,Werner Buttgereit,6,0
135.0,Marco Caligiuri,6,0
135.0,Hendrik Weydandt,6,0
135.0,Roberto Pinto,6,0
135.0,Sebastian Langkamp,6,0
135.0,Heinrich Müller,6,0
135.0,Norbert Ringels,6,0
135.0,Hans Reich,6,0
135.0,Dietmar Krämer,6,0
135.0,Manfred Reiner,6,0
135.0,Andy Egli,6,0
135.0,Hilmar Hoffer,6,0
135.0,Giovanni Reyna,6,0
135.0,Matthew Hoppe,6,0
135.0,Reinhard Kindermann,6,0
135.0,Jürgen Schulz,6,0
135.0,Werner Ipta,6,0
135.0,Ali Güneş,6,0
135.0,Genki Haraguchi,6,0
135.0,Patrick Weiser,6,0
135.0,Steven Cherundolo,6,0
135.0,Ilija Aračić,6,0
135.0,Johann Sabath,6,0
135.0,Jonathan Pitroipa,6,0
135.0,Gerd Cyliax,6,0
135.0,Dennis Grote,6,0
135.0,Hansi Flick,6,0
135.0,Jacob Bruun Larsen,6,0
135.0,Andreas Wolf,6,0
135.0,Friedel Rausch,6,0
135.0,Andreas Ottl,6,0
135.0,Stevan Jovetić,6,0
135.0,Michael Wiesinger,6,0
135.0,Giovanni Federico,6,0
135.0,Markus Daun,6,0
135.0,Claudio Reyna,6,0
135.0,Karim Guédé,6,0
135.0,Siegfried Stark,6,0
135.0,Dominik Szoboszlai,6,0
135.0,Juhani Peltonen,6,0
135.0,Johan de Kock,6,0
135.0,Horst Dehn,6,0
135.0,Rudolf Elsener,6,0
135.0,Thomas Vogel,6,0
135.0,Rani Khedira,6,0
135.0,Tunay Torun,6,0
135.0,Heinz Müller,6,0
135.0,Wesley Sonck,6,0
135.0,Dieter Thun,6,0
135.0,Niclas Weiland,6,0
135.0,Ante Čović,6,0
135.0,Franz Hiller,6,0
135.0,Hans Hein,6,0
135.0,Uwe Helmes,6,0
135.0,Paul Stalteri,6,0
135.0,Franz Michelberger,6,0
135.0,Norbert Hönnscheidt,6,0
135.0,Volker Graul,6,0
135.0,Wayne Thomas,6,0
135.0,Branko Jelić,6,0
135.0,Dario Rodríguez,6,0
135.0,Benjamin Pavard,6,0
135.0,Peter Løvenkrands,6,0
135.0,Dirk Schuster,6,0
135.0,Robbie Kruse,6,0
135.0,Piotr Reiss,6,0
135.0,Kees Bregman,6,0
135.0,Kahê,6,0
135.0,Manfred Podlich,6,0
135.0,Tschawdar Jankow,6,0
135.0,Ludovic Magnin,6,0
135.0,Dietmar Hamann,6,0
135.0,Ahmed Madouni,6,0
135.0,Thomas Zechel,6,0
135.0,Franklin Bittencourt,6,0
135.0,Rainer Blechschmidt,6,0
135.0,Sven Müller,6,0
135.0,Ousmane Dembélé,6,0
135.0,Edgar Prib,6,0
135.0,Oliver Fink,6,0
135.0,Sven Kretschmer,6,0
135.0,Yevhen Konoplyanka,6,0
135.0,Raymond Kalla,6,0
135.0,Elias Kachunga,6,0
135.0,Slađan Ašanin,6,0
135.0,Günter Heiden,6,0
135.0,Václav Kadlec,6,0
135.0,Sixten Veit,6,0
135.0,Alexander Hack,6,0
135.0,Henryk Bałuszyński,6,0
135.0,Dimitrios Tsionanis,6,0
135.0,Rudi Entenmann,6,0
135.0,Tim Hoogland,6,0
135.0,Dirk Krümpelmann,6,0
135.0,Dieter Götz,6,0
135.0,Roberto Colautti,6,0
135.0,Karl-Heinz Wißmann,6,0
135.0,Ibrahim Tanko,6,0
135.0,Markus Brzenska,6,0
135.0,Markus Elmer,6,0
135.0,Siegfried Bönighausen,6,0
135.0,Jürgen Kramny,6,0
135.0,Peter Biesenkamp,6,0
135.0,Wilfried Leydecker,6,0
135.0,Ozan Kabak,6,0
135.0,Marek Heinz,6,0
135.0,Ivica Senzen,6,0
135.0,Hermann-Josef Wilbertz,6,0
135.0,Hans-Joachim Wagner,6,0
135.0,Jörg Reeb,6,0
135.0,Jan Polák,6,0
135.0,Mark Hughes,6,0
135.0,Horst Blechinger,6,0
135.0,Obafemi Martins,6,0
135.0,Helmut Hosung,6,0
135.0,Ricardo Costa,6,0
135.0,Andreas Sassen,6,1
135.0,Björn Schlicke,6,1
135.0,Granit Xhaka,6,1
135.0,Ulrich Surau,6,1
135.0,Lars Müller,6,1
135.0,Theo Gries,6,1
135.0,Sunday Oliseh,6,1
135.0,Thomas Gravesen,6,1
135.0,Marcus Lantz,6,1
135.0,Timo Gebhart,6,1
135.0,Jürgen Locadia,6,2
135.0,Selim Teber,6,2
135.0,Sven Vermant,6,2
135.0,Vilson Džoni,6,2
135.0,Jonathas,6,2
135.0,Pascal Groß,6,3
135.0,Bernd Patzke,6,3
135.0,Heinz Traser,6,3
135.0,Sofian Chahed,6,4
135.0,Wolfgang Paul,6,4
135.0,Ferydoon Zandi,6,4
136.0,Dayot Upamecano,5,0
136.0,Silvio Schröter,5,0
136.0,Clint Mathis,5,0
136.0,Henrik Andersen,5,0
136.0,Jürgen Schult,5,0
136.0,Marinus Bester,5,0
136.0,Alfred Kohlhäufl,5,0
136.0,Anthar Yahia,5,0
136.0,Carsten Marquardt,5,0
136.0,Bernd Gorski,5,0
136.0,Olaf Schmäler,5,0
136.0,Sreto Ristic,5,0
136.0,Maximilian Heidenreich,5,0
136.0,René Unglaube,5,0
136.0,Ottmar Hitzfeld,5,0
136.0,Jan Thielmann,5,0
136.0,Norbert Runge,5,0
136.0,Reinhold Zech,5,0
136.0,Dennis Srbeny,5,0
136.0,Leandro,5,0
136.0,Tomasz Klos,5,0
136.0,Tony Jantschke,5,0
136.0,Razundara Tjikuzu,5,0
136.0,Nikola Jurčević,5,0
136.0,Jordan Torunarigha,5,0
136.0,Amin Younes,5,0
136.0,Owen Hargreaves,5,0
136.0,Ulrich Braun,5,0
136.0,Axel Bellinghausen,5,0
136.0,Heinz Steinmann,5,0
136.0,Bernd Thiele,5,0
136.0,Tony Sanneh,5,0
136.0,Antoine Hey,5,0
136.0,Dieter Timme,5,0
136.0,David Mitchell,5,0
136.0,Alexander Sörloth,5,0
136.0,Reinhold Straus,5,0
136.0,Waldemar Anton,5,0
136.0,Sead Kolasinac,5,0
136.0,Jan Seifert,5,0
136.0,Gerd Wörmer,5,0
136.0,Hermann Nuber,5,0
136.0,Egon Bihn,5,0
136.0,Peter Werner,5,0
136.0,Joachim Bäse,5,0
136.0,Karim Matmour,5,0
136.0,Jürgen Degen,5,0
136.0,Manuel Gulde,5,0
136.0,Patrick Notthoff,5,0
136.0,Alfred Pyka,5,0
136.0,Radwan Yasser,5,0
136.0,Dominik Kohr,5,0
136.0,Herbert Gronen,5,0
136.0,Ademola Lookman,5,0
136.0,Axel Sundermann,5,0
136.0,Youssoufa Moukoko,5,0
136.0,Harald Beyer,5,0
136.0,Jonas Wind,5,0
136.0,Kostas Konstantinidis,5,0
136.0,Karlheinz Subklewe,5,0
136.0,Franz Hasil,5,0
136.0,Nico Van Kerckhoven,5,0
136.0,Zoran Tošić,5,0
136.0,Robert Skov,5,0
136.0,Ellery Cairo,5,0
136.0,Mickaël Goossens,5,0
136.0,Bernd Hollerbach,5,0
136.0,Mehdi Ben Slimane,5,0
136.0,Franz-Peter Neumann,5,0
136.0,Jamie Leweling,5,0
136.0,Willibald Weiss,5,0
136.0,José Dominguez,5,0
136.0,Ján Kocian,5,0
136.0,Marc Stendera,5,0
136.0,Youssef Mohamad,5,0
136.0,Dean Thomas,5,0
136.0,Hans-Gerd Schildt,5,0
136.0,Hans-Jürgen Boysen,5,0
136.0,Jürgen Wingert,5,0
136.0,Herbert Stöckl,5,0
136.0,Dominic Maroh,5,0
136.0,Günter Karbowiak,5,0
136.0,Dennis Geiger,5,0
136.0,Ulf Metschies,5,0
136.0,Joachim Weber,5,0
136.0,Angelo Nijskens,5,0
136.0,Ali Ibrahim,5,0
136.0,Salvatore Gambino,5,0
136.0,Andrej Panadić,5,0
136.0,Andre Mijatović,5,0
136.0,Andreas Beck,5,0
136.0,Dirk Bremser,5,0
136.0,Thomas Franck,5,0
136.0,Dariusz Zuraw,5,0
136.0,Streli Mamba,5,0
136.0,Petit,5,0
136.0,Paul Linz,5,0
136.0,Petr Jiráček,5,0
136.0,Hans Eisele,5,0
136.0,Milorad Pilipović,5,0
136.0,Mato Jajalo,5,0
136.0,Mathias Abel,5,0
136.0,Winfried Stradt,5,0
136.0,Slaven Bilić,5,0
136.0,Stiven Rivić,5,0
136.0,Jérôme Roussillon,5,0
136.0,Arthur Boka,5,0
136.0,Khodadad Azizi,5,0
136.0,Lawrence Aidoo,5,0
136.0,Hartmut Huhse,5,0
136.0,Dieter Lindner,5,0
136.0,Xabi Alonso,5,0
136.0,Eugen Ehmann,5,0
136.0,Kevin Stöger,5,0
136.0,Johannes Eggestein,5,0
136.0,Håvard Flo,5,0
136.0,Holger Ballwanz,5,0
136.0,Dominick Drexler,5,0
136.0,Ned Zelic,5,0
136.0,David Régis,5,0
136.0,Christian Träsch,5,0
136.0,Bernhard Hermes,5,0
136.0,Donyell Malen,5,0
136.0,Hans Klinkhammer,5,0
136.0,Dietmar Roth,5,0
136.0,Nenad Bjelica,5,0
136.0,Jesper Lindstrom,5,0
136.0,Bruma,5,0
136.0,Torsten Kracht,5,0
136.0,Christian Herrmann,5,0
136.0,Heimo Pfeifenberger,5,0
136.0,Harald Kügler,5,0
136.0,Jurica Vranješ,5,0
136.0,Marco Kurz,5,0
136.0,Heinz Wilhelmi,5,0
136.0,Markus Suttner,5,0
136.0,Horst Riege,5,0
136.0,Peter Hobday,5,0
136.0,Willi Schulz,5,0
136.0,Sascha Rösler,5,0
136.0,Markus Hausweiler,5,0
136.0,Michael Aničić,5,0
136.0,Ronald Maul,5,0
136.0,Alfons Higl,5,0
136.0,Jérôme Boateng,5,0
136.0,Oliver Kirch,5,0
136.0,Alexander Löbe,5,0
136.0,Rolf Pawellek,5,0
136.0,Nico Schulz,5,0
136.0,Zlatko Dedič,5,0
136.0,Nico Schlotterbeck,5,0
136.0,Willi Mumme,5,0
136.0,Philipp Förster,5,0
136.0,Ritsu Doan,5,0
136.0,Frank Kirchhoff,5,0
136.0,Toni Micevski,5,0
136.0,Chadrac Akolo,5,0
136.0,Frank Hartmann,5,0
136.0,Ahmed Kutucu,5,0
136.0,Marcus Berg,5,0
136.0,Tin Jedvaj,5,0
136.0,Thomas Riedl,5,0
136.0,Uwe Wolf,5,0
136.0,Miroslaw Spizak,5,0
136.0,Andreas Christensen Bødtker,5,0
136.0,Klaus-Peter Jendrosch,5,0
136.0,Kristijan Đorđević,5,0
136.0,Dirk Helmig,5,0
136.0,Ralf Hauptmann,5,0
136.0,Klaus Fock,5,0
136.0,Alphonso Davies,5,0
136.0,Josef Martinelli,5,1
136.0,Dieter Finke,5,1
136.0,Javier Pinola,5,1
136.0,Raphaël Wicky,5,1
136.0,Claus-Dieter Wollitz,5,1
136.0,Ivo Knoflíček,5,1
136.0,Burghard Rylewicz,5,1
136.0,Ernst Kreuz,5,1
136.0,Davor Šuker,5,1
136.0,Ari Hjelm,5,1
136.0,Jeffrey Gouweleeuw,5,1
136.0,Ryan Babel,5,1
136.0,Christof Babatz,5,1
136.0,Gunther Metz,5,1
136.0,Élson,5,1
136.0,Heiko Peschke,5,2
136.0,Florian Bruns,5,2
136.0,Stefan Blank,5,2
136.0,Michael Kostner,5,3
136.0,Mihai Tararache,5,4
137.0,Juan Menseguez,4,0
137.0,Matthieu Delpierre,4,0
137.0,Igor Dobrowolski,4,0
137.0,Michel Bastos,4,0
137.0,Zdravko Drinčić,4,0
137.0,Stefan Lainer,4,0
137.0,Marcel Ndjeng,4,0
137.0,Bernd Schindler,4,0
137.0,Hans-Uwe Pilz,4,0
137.0,Aymen Barkok,4,0
137.0,Nils Schmäler,4,0
137.0,Igor Belanow,4,0
137.0,Theodor Homann,4,0
137.0,Marcel Rath,4,0
137.0,Jürgen Luginger,4,0
137.0,Klaus Vöhringer,4,0
137.0,Sebastian Hähnge,4,0
137.0,Andreas Jakobsson,4,0
137.0,Jiří Kaufman,4,0
137.0,Marco Villa,4,0
137.0,Luboš Kubík,4,0
137.0,Dieter Versen,4,0
137.0,Rainer Rauffmann,4,0
137.0,Steffen Heidrich,4,0
137.0,Hermann Gerland,4,0
137.0,Gerd Becker,4,0
137.0,Frank Thommessen,4,0
137.0,Anton Regh,4,0
137.0,Emil Berggreen,4,0
137.0,Danny da Costa,4,0
137.0,Eduard Buckmaier,4,0
137.0,Richard Albrecht,4,0
137.0,Rocco Milde,4,0
137.0,Andreas Voglsammer,4,0
137.0,Adam Matuszczyk,4,0
137.0,Filip Tapalovic,4,0
137.0,Takuma Asano,4,0
137.0,Robin Koch,4,0
137.0,Anatoli Timoschtschuk,4,0
137.0,Matthias Zimmermann,4,0
137.0,René Botteron,4,0
137.0,Roger Magnusson,4,0
137.0,Ragnar Klavan,4,0
137.0,Alois Schwartz,4,0
137.0,Gerhard Wanner,4,0
137.0,Dan-Axel Zagadou,4,0
137.0,Patrick Ochs,4,0
137.0,Paul Dörflinger,4,0
137.0,Lasse Sobiech,4,0
137.0,Martin Meichelbeck,4,0
137.0,Andrija Ankovic,4,0
137.0,Charles Takyi,4,0
137.0,Darko Pančev,4,0
137.0,Uwe Behrens,4,0
137.0,Erwin Metzger,4,0
137.0,Timm Klose,4,0
137.0,Tiago Tomás,4,0
137.0,Marcel Ketelaer,4,0
137.0,Friedel Lutz,4,0
137.0,Luc Castaignos,4,0
137.0,Iago,4,0
137.0,Darko Dražić,4,0
137.0,Thomas Broich,4,0
137.0,Ulrich van den Berg,4,0
137.0,Dominique Heintz,4,0
137.0,Matthias Westerwinter,4,0
137.0,Uwe Dittus,4,0
137.0,Mikael Ishak,4,0
137.0,Patrik Berger,4,0
137.0,Werner Kriegler,4,0
137.0,Klaus-Dieter Jank,4,0
137.0,Frank Schmöller,4,0
137.0,Ole Rasmussen,4,0
137.0,Ivica Jozić,4,0
137.0,Christian Eichner,4,0
137.0,Matthias Becker,4,0
137.0,Herbert Reiss,4,0
137.0,Helmut Siber,4,0
137.0,Josip Šimunić,4,0
137.0,Rüdiger Kauf,4,0
137.0,Niklas Skoog,4,0
137.0,Sebastian Boenisch,4,0
137.0,Adam Nemec,4,0
137.0,Werner Rinas,4,0
137.0,Vieirinha,4,0
137.0,Rainer Scharinger,4,0
137.0,Wulf-Ingo Usbeck,4,0
137.0,Oliver Held,4,0
137.0,Klaus Müller,4,0
137.0,Thilo Kehrer,4,0
137.0,Roman Týce,4,0
137.0,Holger Anthes,4,0
137.0,Miodrag Živaljević,4,0
137.0,Horst Schmidt,4,0
137.0,Bastian Hellberg,4,0
137.0,Horst Waclawiak,4,0
137.0,Niko Gießelmann,4,0
137.0,Hartmut Fromm,4,0
137.0,Dedryck Boyata,4,0
137.0,Murdo MacLeod,4,0
137.0,Norbert Leopoldseder,4,0
137.0,Günter Weber,4,0
137.0,Jan Hochscheidt,4,0
137.0,Manuel Akanji,4,0
137.0,Danny Blum,4,0
137.0,Karim Bagheri,4,0
137.0,Helmut Nerlinger,4,0
137.0,Gerhard Schrader,4,0
137.0,Tuta,4,0
137.0,Emil Jula,4,0
137.0,Jochen Kientz,4,0
137.0,Stefan Kuhn,4,0
137.0,Gerd Klier,4,0
137.0,Gunther Schepens,4,0
137.0,Adam Hloušek,4,0
137.0,Harald Beck,4,0
137.0,Alban Wüst,4,0
137.0,Jude Bellingham,4,0
137.0,Conor Casey,4,0
137.0,Evanilson,4,0
137.0,Stefan Böger,4,0
137.0,Jochen Heisig,4,0
137.0,Herbert Demange,4,0
137.0,Florin Răducioiu,4,0
137.0,Poul-Erik Thygesen,4,0
137.0,Pierre Kunde,4,0
137.0,Percy Olivares,4,0
137.0,Jürgen Täuber,4,0
137.0,Jessic Ngankam,4,0
137.0,Kevin McKenna,4,0
137.0,Marcelo Pletsch,4,0
137.0,Harry Fechner,4,0
137.0,Ludwig Lang,4,0
137.0,Jae-Sung Lee,4,0
137.0,Martin Amedick,4,0
137.0,Konstantinos Mavropanos,4,0
137.0,Geromel,4,0
137.0,Lothar Wesseler,4,0
137.0,Silvan Widmer,4,0
137.0,Nesat Gülünoglu,4,0
137.0,Carsten Cullmann,4,0
137.0,Marco Küntzel,4,0
137.0,Peter Pekarík,4,0
137.0,Sergej Gorlukowitsch,4,0
137.0,Sanny Åslund,4,0
137.0,Junior,4,0
137.0,Paul Hahn,4,0
137.0,Bernd Hoffmann,4,0
137.0,Shawn Parker,4,0
137.0,Horst Raubold,4,0
137.0,Udo Nix,4,0
137.0,Waleri Domowtschijski,4,0
137.0,Uwe Bühler,4,0
137.0,Tarik Elyounoussi,4,0
137.0,Dimitrios Grammozis,4,0
137.0,Joachim Hopp,4,0
137.0,Morten Skoubo,4,0
137.0,Alfredo Morales,4,0
137.0,Werner Kaiser,4,0
137.0,Thomas Puschmann,4,0
137.0,Zoran Mamić,4,0
137.0,Pavel Krmas,4,0
137.0,Daniel Halfar,4,0
137.0,Dawid Kownacki,4,0
137.0,Alexander Bugera,4,0
137.0,Hans Schmidradner,4,0
137.0,Dirk Schlegel,4,0
137.0,Guido Erhard,4,0
137.0,Herbert Weinberg,4,0
137.0,Alexander Kutschera,4,0
137.0,Robert Pötzschke,4,0
137.0,Moritz Stoppelkamp,4,0
137.0,Santiago García,4,0
137.0,Jiayi Shao,4,0
137.0,Steven Skrzybski,4,0
137.0,Gerd Krug,4,0
137.0,André Hoffmann,4,0
137.0,Thomas Herbst,4,0
137.0,Josef Sarroca,4,0
137.0,Weston McKennie,4,0
137.0,Raoul Tagliari,4,0
137.0,Kaj Poulsen,4,0
137.0,Daniel Jurgeleit,4,0
137.0,Christian Gross,4,0
137.0,Marco Terrazzino,4,0
137.0,Solomon Okoronkwo,4,0
137.0,Matthias Baranowski,4,0
137.0,Joshua Zirkzee,4,0
137.0,Kevin Schade,4,0
137.0,Christoph Metzelder,4,0
137.0,Igli Tare,4,0
137.0,Wolfgang Kulka,4,0
137.0,Ferenc Schmidt,4,0
137.0,Pavel Chaloupka,4,0
137.0,Tomás Galásek,4,0
137.0,Hans Haunstein,4,0
137.0,Alfred Herberth,4,0
137.0,Roman Sedláček,4,0
137.0,Francis Kioyo,4,0
137.0,Allan Hansen,4,0
137.0,Roy Beerens,4,0
137.0,Christoph Budde,4,0
137.0,Claudiu Niculescu,4,0
137.0,Mathias Hönerbach,4,0
137.0,Dieter Stinka,4,0
137.0,Jeffrey Bruma,4,0
137.0,Dieter Zembski,4,0
137.0,Gerd Peehs,4,0
137.0,Paul Pidancet,4,0
137.0,Marcus Allbäck,4,0
137.0,Holger Stanislawski,4,0
137.0,Guido Szesni,4,0
137.0,Erwin Glod,4,0
137.0,Fabrice Ehret,4,0
137.0,Jan Eriksson,4,0
137.0,Håvard Nielsen,4,0
137.0,Frank Edmond,4,0
137.0,Lars Schmidt,4,0
137.0,Nikolaj Pisarew,4,0
137.0,Peter Kupferschmidt,4,0
137.0,Bernd Korzynietz,4,0
137.0,Aleksander Knavs,4,0
137.0,Martin Braun,4,1
137.0,Anthony Baffoe,4,1
137.0,Lars Ellmerich,4,1
137.0,Alexander Baumjohann,4,1
137.0,Luizão,4,1
137.0,Milos Pantovic,4,1
137.0,Antonio-Mirko Čolak,4,1
137.0,Abdelhamid Sabiri,4,1
137.0,Peter Nielsen,4,1
137.0,Kjetil Rekdal,4,2
137.0,Serhou Guirassy,4,2
137.0,Matthias Maucksch,4,2
137.0,Hanno Behrens,4,2
137.0,Aron Jóhannsson,4,2
137.0,Juan Sorín,4,2
137.0,Thomas Ritter,4,2
137.0,Jaouhar Mnari,4,2
137.0,Pável Pardo,4,3
137.0,Karl Werner,4,3
137.0,Hans-Josef Hellingrath,4,4
137.0,Michael Nushöhr,4,4
138.0,Jimmy Briand,3,0
138.0,Thomas Hoersen,3,0
138.0,Bodo Schmidt,3,0
138.0,Stefan Persigehl,3,0
138.0,Janni Serra,3,0
138.0,Ben Zolinski,3,0
138.0,Manfred Wagner,3,0
138.0,Fabian Boll,3,0
138.0,Werner Grau,3,0
138.0,Christian Bassila,3,0
138.0,Hans-Günther Plücken,3,0
138.0,Rudolf Sturz,3,0
138.0,Oliver Schröder,3,0
138.0,Michael Wollitz,3,0
138.0,Romain Brégerie,3,0
138.0,Vidar Riseth,3,0
138.0,Andrij Jarmolenko,3,0
138.0,Juan Bernat,3,0
138.0,Marcel Schmelzer,3,0
138.0,Dirk Lehmann,3,0
138.0,Stefan Kühlhorn,3,0
138.0,Eberhard Pfisterer,3,0
138.0,Thomas Meunier,3,0
138.0,Ali Karimi,3,0
138.0,Harald Katemann,3,0
138.0,Marco Zallmann,3,0
138.0,Xaver Schlager,3,0
138.0,Aleksandar Dragović,3,0
138.0,Jörg Schuberth,3,0
138.0,Jeremiah St. Juste,3,0
138.0,Claus Thomsen,3,0
138.0,Simon Kjær,3,0
138.0,Juri Schlünz,3,0
138.0,Rolf Wüthrich,3,0
138.0,Alphonse Tchami,3,0
138.0,Bo Svensson,3,0
138.0,Oliver Freund,3,0
138.0,Bernd Dobiasch,3,0
138.0,Janosch Dziwior,3,0
138.0,Carsten Baumann,3,0
138.0,Samuel Slovák,3,0
138.0,Christoph Westerthaler,3,0
138.0,Helmut Müller,3,0
138.0,Matthias Zimmermann,3,0
138.0,Hans-Georg Tutschek,3,0
138.0,Miroslav Baránek,3,0
138.0,Justin Kluivert,3,0
138.0,Adam Bodzek,3,0
138.0,Maximilian Nicu,3,0
138.0,Josef Stering,3,0
138.0,Dieter Fern,3,0
138.0,Hervé Nzelo-Lembi,3,0
138.0,Jürgen-Michael Galbierz,3,0
138.0,Isaac Vorsah,3,0
138.0,Marek Penksa,3,0
138.0,Mijat Gaćinović,3,0
138.0,Tobias Homp,3,0
138.0,Jurgen Ekkelenkamp,3,0
138.0,Rubén Sosa,3,0
138.0,Hermann-Dieter Bellut,3,0
138.0,Ajdin Hrustic,3,0
138.0,Jean-Pierre Papin,3,0
138.0,Georg Beichle,3,0
138.0,Herbert Meyer,3,0
138.0,Lothar Dupke,3,0
138.0,Vilmos Sebők,3,0
138.0,Andreas Brandts,3,0
138.0,Nicklas Bendtner,3,0
138.0,Maicosuel,3,0
138.0,José António,3,0
138.0,Dirk Greiser,3,0
138.0,Jeremy Toljan,3,0
138.0,Sascha Wolf,3,0
138.0,Wolfram Kaminke,3,0
138.0,Armin Veh,3,0
138.0,Klaus Senger,3,0
138.0,Stefan Ilsanker,3,0
138.0,Fabian Lustenberger,3,0
138.0,Hilmar Weilandt,3,0
138.0,Michael Struckmann,3,0
138.0,Matthias Brücken,3,0
138.0,Ismail Jakobs,3,0
138.0,Abdou Diallo,3,0
138.0,Uwe Ehlers,3,0
138.0,Jürgen Makan,3,0
138.0,Marvin Matip,3,0
138.0,Jürgen Wilhelm,3,0
138.0,Thomas Vana,3,0
138.0,Lutz Siebrecht,3,0
138.0,Karl Meng,3,0
138.0,Bernhard Raab,3,0
138.0,Marcus Feinbier,3,0
138.0,Karl-Heinz Kiß,3,0
138.0,Michael Krätzer,3,0
138.0,Rainer Scholz,3,0
138.0,Sami Hyypiä,3,0
138.0,Walter Posner,3,0
138.0,Erik Durm,3,0
138.0,Ümit Korkmaz,3,0
138.0,Helmut Bergfelder,3,0
138.0,Jens Duve,3,0
138.0,Johann Kondert,3,0
138.0,Malik Fathi,3,0
138.0,Pierre De Wit,3,0
138.0,Norbert Hofmann,3,0
138.0,Raffael Tonello,3,0
138.0,Helmut Zahn,3,0
138.0,Heinz Vollmar,3,0
138.0,João Victor,3,0
138.0,Frank Holzer,3,0
138.0,Jonny Hey,3,0
138.0,Walter Gawletta,3,0
138.0,Günter Schlipper,3,0
138.0,Kai Oswald,3,0
138.0,Stanislaw Angelow,3,0
138.0,Christian Poulsen,3,0
138.0,Gerhard Kraft,3,0
138.0,János Mátyus,3,0
138.0,Hans-Jürgen Brunner,3,0
138.0,Marcelo,3,0
138.0,Wellington,3,0
138.0,Manfred Lefkes,3,0
138.0,Ernst Abbé,3,0
138.0,Fritz Boyens,3,0
138.0,Faton Toski,3,0
138.0,Alfred Horn,3,0
138.0,Lucas Tousart,3,0
138.0,Thorsten Judt,3,0
138.0,Lennart Larsson,3,0
138.0,Lothar Skala,3,0
138.0,Jonathan de Guzmán,3,0
138.0,Mike Lünsmann,3,0
138.0,Chris Katongo,3,0
138.0,Stefan Malz,3,0
138.0,Kai-Erik Herlovsen,3,0
138.0,Kevin Akpoguma,3,0
138.0,Itay Shechter,3,0
138.0,Thomas Kruse,3,0
138.0,Florian Dick,3,0
138.0,Jakob Drescher,3,0
138.0,Fred Klaus,3,0
138.0,Dirk Weetendorf,3,0
138.0,Ivica Iliev,3,0
138.0,Joachim Stadler,3,0
138.0,Heiko Butscher,3,0
138.0,Oliver Otto,3,0
138.0,Jürgen Papies,3,0
138.0,Lothar Groß,3,0
138.0,Felipe,3,0
138.0,Marco Dittgen,3,0
138.0,Diego Placente,3,0
138.0,Steffen Tigges,3,0
138.0,Yves Eigenrauch,3,0
138.0,Joachim Thimm,3,0
138.0,Radomir Đalović,3,0
138.0,Marco Rose,3,0
138.0,Leandro Barreiro Martins,3,0
138.0,Stefan Meissner,3,0
138.0,Eberhard Borchert,3,0
138.0,Jean-Philippe Gbamin,3,0
138.0,Alexandru Sătmăreanu,3,0
138.0,Aleksandar Ristić,3,0
138.0,Chris Führich,3,0
138.0,Edmond Kapllani,3,0
138.0,Slobodan Rajković,3,0
138.0,Sinan Kaloğlu,3,0
138.0,Ludwig Schuster,3,0
138.0,Siegfried Beyer,3,0
138.0,Thomas Lander,3,0
138.0,Takashi Usami,3,0
138.0,Bastian Oczipka,3,0
138.0,Olaf Dressel,3,0
138.0,Markus Steinhöfer,3,0
138.0,Lothar Zeh,3,0
138.0,Brian O'Neil,3,0
138.0,Stevan Bena,3,0
138.0,Günter Kutowski,3,0
138.0,Ralf Regenbogen,3,0
138.0,Reiner Plaßhenrich,3,0
138.0,Patrick Wimmer,3,0
138.0,Delano Hill,3,0
138.0,Steffen Korell,3,0
138.0,Istvan Sztani,3,0
138.0,Amine Adli,3,0
138.0,Peter Loof,3,0
138.0,Christopher Trimmel,3,0
138.0,Sven Christians,3,0
138.0,Lars Lunde,3,0
138.0,William,3,0
138.0,Bradley Carnell,3,0
138.0,Omar Marmoush,3,0
138.0,Assani Lukimya,3,0
138.0,Christian Werner,3,0
138.0,Kevin Mbabu,3,0
138.0,Rachid Azzouzi,3,0
138.0,Djibril Sow,3,0
138.0,Emir Spahić,3,0
138.0,Steffen Karl,3,0
138.0,Álvaro Domínguez,3,0
138.0,Andrew Sinkala,3,0
138.0,Hajime Hosogai,3,0
138.0,Michael Klauß,3,0
138.0,Matheus Pereira,3,0
138.0,Tim Matavž,3,0
138.0,Tamás Bódog,3,0
138.0,Peter Fenten,3,0
138.0,Jens Melzig,3,0
138.0,Khalid Boulahrouz,3,0
138.0,Victor Ikpeba,3,0
138.0,Dejan Ljubicic,3,0
138.0,Kevin Danso,3,0
138.0,Oliver Sorg,3,0
138.0,Werner Thelen,3,0
138.0,Michael Dämgen,3,0
138.0,Heinz Schrodt,3,0
138.0,Rob Maas,3,0
138.0,Christoph Moritz,3,0
138.0,Daniel Gunkel,3,0
138.0,Rainer Gebauer,3,0
138.0,Reinhold Fanz,3,0
138.0,Georg Müllner,3,0
138.0,Horst Neumann,3,0
138.0,Walace,3,0
138.0,Ciro Immobile,3,0
138.0,Thomas Stehle,3,0
138.0,Rayk Schröder,3,0
138.0,Rodnei,3,0
138.0,Jürgen Weidlandt,3,0
138.0,Helmut Siebert,3,0
138.0,Julian Weigl,3,0
138.0,Klaus Perfetto,3,0
138.0,Orestes,3,0
138.0,Walter Frosch,3,0
138.0,Michael Hubner,3,0
138.0,Karim Rekik,3,0
138.0,Holger Badstuber,3,0
138.0,Konrad Eickels,3,0
138.0,Karl-Heinz Artmann,3,0
138.0,Armin Kraaz,3,0
138.0,Dragoslav Stepanović,3,0
138.0,Vicente Sánchez,3,0
138.0,Rolf Höfert,3,0
138.0,Werner Tenbruck,3,0
138.0,Hannes Reinmayr,3,0
138.0,Peter Berg,3,0
138.0,Benjamin Henrichs,3,0
138.0,Markus Schopp,3,0
138.0,Kevin Vogt,3,0
138.0,Andree Wiedener,3,0
138.0,Hannes Wolf,3,0
138.0,Marco Walker,3,0
138.0,Uwe Höfer,3,0
138.0,David Raum,3,0
138.0,Christopher Lamprecht,3,0
138.0,Cedric Teuchert,3,0
138.0,Mario Kontny,3,0
138.0,Herbert Höbusch,3,0
138.0,Petri Pasanen,3,0
138.0,Almami Moreira,3,0
138.0,Bryan Roy,3,0
138.0,Wilhelm Mense,3,0
138.0,Dennis Aogo,3,0
138.0,Rudolf Pöggeler,3,0
138.0,Kurt Dachlauer,3,0
138.0,Aleksandar Vasoski,3,0
138.0,Kreso Kovacec,3,0
138.0,Friedhelm Dick,3,0
138.0,Jörn Kaminke,3,0
138.0,Werner Haaga,3,0
138.0,Uwe Hünemeier,3,1
138.0,Rudolf Kröner,3,1
138.0,Bernd Grabosch,3,1
138.0,Janusz Góra,3,1
138.0,Geovani Silva,3,1
138.0,Hami Mandıralı,3,1
138.0,Jurado,3,1
138.0,Egbert ter Mors,3,1
138.0,Klaus Bockisch,3,1
138.0,Torben Hoffmann,3,1
138.0,Florian Klein,3,1
138.0,Martin Giesel,3,1
138.0,Jens Wahl,3,1
138.0,Alban Meha,3,1
138.0,Lodewijk Roembiak,3,2
138.0,Dusan Petković,3,2
138.0,Ansgar Brinkmann,3,2
138.0,Georg Metzger,3,2
138.0,Dieter Brefort,3,2
138.0,Peter Pacult,3,2
138.0,Otto Laszig,3,2
138.0,Detlef Schößler,3,2
138.0,Vlatko Glavaš,3,2
138.0,Erich Leist,3,3
139.0,Ibrahima Konate,2,0
139.0,Peter Klimke,2,0
139.0,Heinz Crawatzo,2,0
139.0,Gōtoku Sakai,2,0
139.0,Lukas Schmitz,2,0
139.0,Wolfgang Lex,2,0
139.0,Andreas Mate,2,0
139.0,Serge Branco,2,0
139.0,Cristian Fiél,2,0
139.0,Sebastian Schonlau,2,0
139.0,Maniche,2,0
139.0,Dmitri Bulykin,2,0
139.0,Christian Müller,2,0
139.0,Émerson,2,0
139.0,Fallou Diagné,2,0
139.0,Júnior Díaz,2,0
139.0,Mario Boljat,2,0
139.0,Peter Woldmann,2,0
139.0,Robert Glatzel,2,0
139.0,Lucien Mettomo,2,0
139.0,Michael Dahms,2,0
139.0,Edhem Sljivo,2,0
139.0,Pascal Stenzel,2,0
139.0,Hubert Clute-Simon,2,0
139.0,Helmut Hilpert,2,0
139.0,Marcel Tisserand,2,0
139.0,Mahir Sağlık,2,0
139.0,Kai Bülow,2,0
139.0,Mac Younga-Mouhani,2,0
139.0,Helmut Heeren,2,0
139.0,Ryan Sessegnon,2,0
139.0,Levent Aycicek,2,0
139.0,Nigel de Jong,2,0
139.0,Günther Reinders,2,0
139.0,Juan Cayasso,2,0
139.0,Andrzej Iwan,2,0
139.0,Hans Sprenger,2,0
139.0,Sonny Kittel,2,0
139.0,Christoph Walter,2,0
139.0,Jann-Fiete Arp,2,0
139.0,Morten Rasmussen,2,0
139.0,Toni Puszamszies,2,0
139.0,Marin Pongracic,2,0
139.0,Siegfried Köstler,2,0
139.0,Heiko Kurth,2,0
139.0,Niklas Moisander,2,0
139.0,Samuel Koejoe,2,0
139.0,Michael Mason,2,0
139.0,Arouna Koné,2,0
139.0,Jörn Großkopf,2,0
139.0,Norbert Brinkmann,2,0
139.0,Helmut Dietterle,2,0
139.0,Gerald Vanenburg,2,0
139.0,Matthias Hamann,2,0
139.0,Albert Bittlmayer,2,0
139.0,Hans Rigotti,2,0
139.0,Pierre-Emile Højbjerg,2,0
139.0,Bartosz Bialek,2,0
139.0,Kevin Hofland,2,0
139.0,Dennis Kruppke,2,0
139.0,Oumar Kondé,2,0
139.0,Tanguy Coulibaly,2,0
139.0,Felix Platte,2,0
139.0,Antal Nagy,2,0
139.0,Stjepan Milardovic,2,0
139.0,Franz Emans,2,0
139.0,Sead Kapetanović,2,0
139.0,Jürgen Koch,2,0
139.0,Robert Bauer,2,0
139.0,Blagoj Georgiew,2,0
139.0,Kasper Bøgelund,2,0
139.0,Dirk Dammann,2,0
139.0,Maik Wagefeld,2,0
139.0,Kouadio Manu Kone,2,0
139.0,Marcel de Jong,2,0
139.0,Charlison Benschop,2,0
139.0,Carsten Klee,2,0
139.0,Günter Rademacher,2,0
139.0,Lukas Klünter,2,0
139.0,Medhi Benatia,2,0
139.0,Tobias Weis,2,0
139.0,Thomas Richter,2,0
139.0,Aster Vranckx,2,0
139.0,Jorge Meré,2,0
139.0,Ibrahim Afellay,2,0
139.0,Michél Mazingu-Dinzey,2,0
139.0,Peter Stocker,2,0
139.0,Harry Bähre,2,0
139.0,Orel Mangala,2,0
139.0,Stéphane Henchoz,2,0
139.0,Michael Schuhmacher,2,0
139.0,Dragoslav Šekularac,2,0
139.0,Florian Hinterberger,2,0
139.0,Heinz Henkes,2,0
139.0,Maximilian Mittelstädt,2,0
139.0,Stephan Hain,2,0
139.0,Mineiro,2,0
139.0,Mattéo Guendouzi,2,0
139.0,Markus Mohren,2,0
139.0,Johan Djourou,2,0
139.0,Markus Bollmann,2,0
139.0,Uwe Bindewald,2,0
139.0,Marcão,2,0
139.0,Marcelo Carracedo,2,0
139.0,Günter Seibold,2,0
139.0,Julian Korb,2,0
139.0,Lászlo Bénes,2,0
139.0,Marko Pjaca,2,0
139.0,Fritz Lehmann,2,0
139.0,Manfred Müller,2,0
139.0,Sven Benken,2,0
139.0,Jürgen Berghaus,2,0
139.0,Frank Plagge,2,0
139.0,Yacine Abdessadki,2,0
139.0,André Lima,2,0
139.0,Matthias Imhof,2,0
139.0,Kevin Behrens,2,0
139.0,Sebastian Jung,2,0
139.0,Thorsten Bolzek,2,0
139.0,Lukas Kübler,2,0
139.0,Mathis Bolly,2,0
139.0,Ralf Becker,2,0
139.0,Christopher Antwi-Adjei,2,0
139.0,Nico Frommer,2,0
139.0,Chiquinho,2,0
139.0,Niels Schlotterbeck,2,0
139.0,Bernd Beck,2,0
139.0,Petar Slišković,2,0
139.0,Cedric Jan Itten,2,0
139.0,Ingo Hertzsch,2,0
139.0,Jean-Kasongo Banza,2,0
139.0,Thorsten Schlumberger,2,0
139.0,Eduardo Vargas,2,0
139.0,Jochen Endress,2,0
139.0,Ivica Mornar,2,0
139.0,Jürgen Dudda,2,0
139.0,Hans-Jürgen Heidenreich,2,0
139.0,Andi Zeqiri,2,0
139.0,Heinz Pliska,2,0
139.0,Jens Petter Hauge,2,0
139.0,Benedikt Saller,2,0
139.0,Rudi Skácel,2,0
139.0,Dietmar Schwager,2,0
139.0,Benjamin Kessel,2,0
139.0,Rudolf Steiner,2,0
139.0,Roberto Massimo,2,0
139.0,Uwe Igler,2,0
139.0,Emiliano Insúa,2,0
139.0,Stefan Lex,2,0
139.0,Chadli Amri,2,0
139.0,Berkant Göktan,2,0
139.0,Erik Andersen,2,0
139.0,Selçuk Yula,2,0
139.0,Philipp Klement,2,0
139.0,Denis Epstein,2,0
139.0,Hamadi Al Ghaddioui,2,0
139.0,Noah-Joel Sarenren-Bazee,2,0
139.0,Tobias Levels,2,0
139.0,Joonas Kolkka,2,0
139.0,Dieter Seeler,2,0
139.0,Burak Kaplan,2,0
139.0,Horst Stockhausen,2,0
139.0,Werner Kubek,2,0
139.0,Júnior Baiano,2,0
139.0,Theo Redder,2,0
139.0,Prince Tagoe,2,0
139.0,Friedrich Zipperer,2,0
139.0,Rafael Czichos,2,0
139.0,Ansgar Knauff,2,0
139.0,Niki Zimling,2,0
139.0,Lukas Sinkiewicz,2,0
139.0,David Odonkor,2,0
139.0,Werner Olk,2,0
139.0,Gelson Fernandes,2,0
139.0,Heikko Glöde,2,0
139.0,Roman Hubník,2,0
139.0,Josué,2,0
139.0,Henning Bürger,2,0
139.0,Stefan Dinauer,2,0
139.0,Francisco Rodríguez,2,0
139.0,Peter Kaack,2,0
139.0,Ralf Augustin,2,0
139.0,David Wagner,2,0
139.0,Hans-Jürgen Becher,2,0
139.0,Almamy Touré,2,0
139.0,Julian de Guzman,2,0
139.0,Peer Posipal,2,0
139.0,Karl-Heinz Mödrath,2,0
139.0,Stefan Posch,2,0
139.0,Željko Sopić,2,0
139.0,Bernhard Olck,2,0
139.0,Reece Oxford,2,0
139.0,Richard Kreß,2,0
139.0,Jacob Laursen,2,0
139.0,Miloš Veljković,2,0
139.0,Arkadiusz Milik,2,0
139.0,Anthony Losilla,2,0
139.0,Joshua Brenet,2,0
139.0,David Kobylik,2,0
139.0,Hans-Joachim Andree,2,0
139.0,Friedel Reuther,2,0
139.0,Paweł Wojtala,2,0
139.0,Çağdaş Atan,2,0
139.0,Horst Saida,2,0
139.0,Antonio Rüdiger,2,0
139.0,Florent Muslija,2,0
139.0,Jeong-Ho Hong,2,0
139.0,Per Skjelbred,2,0
139.0,Márcio Borges,2,0
139.0,Dieter Schulz,2,0
139.0,Edi Glieder,2,0
139.0,Ferdinand Heidkamp,2,0
139.0,Helmut Schmidt,2,0
139.0,Federico Palacios Martínez,2,0
139.0,Markus von Ahlen,2,0
139.0,Josef Weilbächer,2,0
139.0,Sławomir Peszko,2,0
139.0,Achim Wilbois,2,0
139.0,Vanco Balevski,2,0
139.0,Erwin Piechowiak,2,0
139.0,Wesley,2,0
139.0,David Degen,2,0
139.0,Peter Engler,2,0
139.0,Peter Pumm,2,0
139.0,Christian Beeck,2,0
139.0,Holger Dieckmann,2,0
139.0,Leonardo Manzi,2,0
139.0,Frank Saborowski,2,0
139.0,Serhij Dichtjar,2,0
139.0,Exequiel Palacios,2,0
139.0,Adam Zrelak,2,0
139.0,Ahmed Hosny,2,0
139.0,Friedhelm Otters,2,0
139.0,Papy Djilobodji,2,0
139.0,Dirk Kontny,2,0
139.0,Julian Ryerson,2,0
139.0,Fábio Júnior,2,0
139.0,Joakim Nilsson,2,0
139.0,Rainer Skrotzki,2,0
139.0,Younès Belhanda,2,0
139.0,Mario Kern,2,0
139.0,Jean-Santos Muntubila,2,0
139.0,Roman Geschlecht,2,0
139.0,Karlheinz Höfer,2,0
139.0,Winfried Mittrowski,2,0
139.0,Tomáš Ujfaluši,2,0
139.0,Nico Herzig,2,0
139.0,Tim Kleindienst,2,0
139.0,Matthias Stammann,2,0
139.0,Horst Wenzel,2,0
139.0,Morten Olsen,2,0
139.0,Felix Passlack,2,0
139.0,Heinz Stauvermann,2,0
139.0,Wolfgang Neumann,2,0
139.0,Oliver Barth,2,0
139.0,Mišo Brečko,2,0
139.0,Horst Knauf,2,0
139.0,Lars Jungnickel,2,0
139.0,Alejandro Gálvez,2,0
139.0,Erik Jendrišek,2,0
139.0,Bernhard Metz,2,0
139.0,Federico Insúa,2,0
139.0,Abédi Pelé,2,0
139.0,Ludwig Augustinsson,2,0
139.0,Ranisav Jovanović,2,0
139.0,Cléber Reis,2,0
139.0,Alexander Laas,2,0
139.0,Georg Margreitter,2,0
139.0,Sascha Dum,2,0
139.0,Willi Wagner,2,0
139.0,Michael Mifsud,2,0
139.0,Manuel Schmiedebach,2,0
139.0,José Sosa,2,0
139.0,Marcel Ziemer,2,0
139.0,Petar Chubtschew,2,0
139.0,Peter Dahl,2,0
139.0,Steve Gohouri,2,0
139.0,Michael Rösele,2,0
139.0,Helmut Vorreiter,2,0
139.0,Thomas Kleine,2,0
139.0,Jung-Hwan Ahn,2,0
139.0,Norbert Dörmann,2,0
139.0,Louis Schaub,2,0
139.0,Tolgay Arslan,2,0
139.0,Murat Yakin,2,0
139.0,Thomas Winter,2,0
139.0,Peter Graulund,2,0
139.0,Tim Lemperle,2,0
139.0,Uwe Schreml,2,0
139.0,Hiroki Sakai,2,0
139.0,Peter Enders,2,0
139.0,Hans Sarpei,2,0
139.0,Kai Herdling,2,0
139.0,Sebastian Schoof,2,0
139.0,Junior Malanda,2,0
139.0,Dirk Riechmann,2,0
139.0,Christian Peukert,2,0
139.0,Sandro Sirigu,2,0
139.0,Carsten Keuler,2,0
139.0,Hermann Höfer,2,0
139.0,Diadie Samassekou,2,0
139.0,Robert Vagner,2,0
139.0,Klaus Amrath,2,0
139.0,Salih Özcan,2,0
139.0,Mads Pedersen,2,0
139.0,Steen Thychosen,2,0
139.0,Marvin Ducksch,2,0
139.0,Dorge Kouemaha,2,0
139.0,Denis Lapaczinski,2,0
139.0,Andrzej Lesiak,2,0
139.0,Thomas Adler,2,0
139.0,Rudolf Wójtowicz,2,0
139.0,Marvin Bakalorz,2,0
139.0,Izet Hajrovic,2,0
139.0,Peter Gruber,2,0
139.0,Tim Sebastian,2,0
139.0,Ivan Zugcic,2,0
139.0,Petr Gabriel,2,0
139.0,Leandro,2,0
139.0,Marc Arnold,2,0
139.0,Emanuel Pogatetz,2,0
139.0,Rabbi Matondo,2,0
139.0,Günther Michl,2,0
139.0,Manfred Reichert,2,0
139.0,Klaus Gjasula,2,0
139.0,Rodrigo Costa,2,0
139.0,Michael Grünewald,2,0
139.0,Bent Jan Jensen,2,0
139.0,Helmut Schimeczek,2,0
139.0,Chang-Hoon Kwon,2,0
139.0,Pierre Womé,2,0
139.0,Uwe Haas,2,0
139.0,Niclas Kindvall,2,0
139.0,Stefan Buck,2,0
139.0,Felix Uduokhai,2,0
139.0,Jörg Schwanke,2,0
139.0,Wolfgang Rosenfeldt,2,0
139.0,Holger Greilich,2,0
139.0,Erik Willaarts,2,0
139.0,Uwe Grauer,2,0
139.0,Reiner Edelmann,2,0
139.0,Niclas Jensen,2,0
139.0,Harry Gniech,2,0
139.0,Dirk van der Ven,2,0
139.0,Horst Leupold,2,0
139.0,Edmond Tapsoba,2,0
139.0,Christian Lell,2,0
139.0,Olaf Schreiber,2,0
139.0,Norbert Hof,2,0
139.0,Peter Rühmkorb,2,0
139.0,Jeremy Dudziak,2,0
139.0,Cauly Oliveira Souza,2,0
139.0,Pétur Ormslev,2,0
139.0,Jonjoe Kenny,2,0
139.0,Timo Baumgartl,2,0
139.0,Thomas Zampach,2,0
139.0,Bernd Eigner,2,0
139.0,Thomas Klepper,2,0
139.0,Dieter Heinrichs,2,0
139.0,Andreas Gielchen,2,0
139.0,Detsi Kruszyński,2,0
139.0,Heiner Klose,2,0
139.0,Marc Bartra,2,0
139.0,Michal Papadopulos,2,0
139.0,Kai Pröger,2,0
139.0,Lucas Piazón,2,0
139.0,Hans-Jürgen Gede,2,0
139.0,Louis Gomis,2,0
139.0,Jörg Wolff,2,0
139.0,Michael Molata,2,0
139.0,Volker Rudel,2,0
139.0,Omar Mascarell,2,0
139.0,Frederik Sørensen,2,0
139.0,Borja Mayoral,2,0
139.0,Bryan Lasme,2,0
139.0,Moritz Leitner,2,0
139.0,Guy Demel,2,0
139.0,Hans Ripp,2,0
139.0,Josef Marx,2,0
139.0,Joško Gvardiol,2,0
139.0,Kevin Pezzoni,2,0
139.0,Pavel Drsek,2,0
139.0,Ulf Mehlhorn,2,0
139.0,Ulrich Büscher,2,0
139.0,Frank Nitsche,2,0
139.0,Ewald Schäffner,2,0
139.0,Reinhold Tattermusch,2,0
139.0,Helmut Rombach,2,0
139.0,Detlef Olaidotter,2,0
139.0,Ricardo-Horacio Neumann,2,0
139.0,Stefan Kutschke,2,0
139.0,Jochen Müller,2,0
139.0,Hans-Günther Kroth,2,0
139.0,Daniel Imhof,2,0
139.0,Jürgen Dringelstein,2,0
139.0,Ioannis Masmanidis,2,0
139.0,Andrij Polunin,2,0
139.0,Bertram Beierlorzer,2,0
139.0,Athirson,2,0
139.0,Hermann Lindner,2,0
139.0,Fred Englert,2,0
139.0,Niklas Dorsch,2,0
139.0,Daniel Schumann,2,0
139.0,Minas Hantzidis,2,0
139.0,Josef Hofmeister,2,0
139.0,Lamine Sané,2,0
139.0,Fahrudin Jusufi,2,0
139.0,Chinedu Ede,2,0
139.0,Kim Madsen,2,0
139.0,Roger,2,0
139.0,José Basualdo,2,0
139.0,Paweł Olkowski,2,0
139.0,Wolfgang Brase,2,0
139.0,Angelo Stiller,2,0
139.0,Ken Ilsø,2,0
139.0,Donis Avdijaj,2,0
139.0,Erich Seckler,2,0
139.0,Helmut Benthaus,2,1
139.0,Jürgen Fleer,2,1
139.0,Jürgen Diefenbach,2,1
139.0,Hans Auernhammer,2,1
139.0,Werner Hesse,2,1
139.0,Rainer Ernst,2,1
139.0,Helmut Sandmann,2,1
139.0,Norbert Schlegel,2,1
139.0,Marc Pfertzel,2,1
139.0,Vanja Grubač,2,1
139.0,Jens Lehmann,2,1
139.0,Milan Badelj,2,1
139.0,Marc-André Kruska,2,1
139.0,Petr Rada,2,1
139.0,Jens Keller,2,1
139.0,Detlef Schnier,2,1
139.0,Andreas Köpke,2,2
139.0,Jens Langeneke,2,2
139.0,Alfons Stemmer,2,2
140.0,Brasília,1,0
140.0,Benno Magnusson,1,0
140.0,Rudolf Kölbl,1,0
140.0,Jürgen Pontes,1,0
140.0,Hermann Knöppel,1,0
140.0,Urban Klausmann,1,0
140.0,David Nielsen,1,0
140.0,Günter Kuczinski,1,0
140.0,Benjamin Huggel,1,0
140.0,Marco Friedl,1,0
140.0,Robin Hack,1,0
140.0,Richard Sukuta-Pasu,1,0
140.0,Heinz Poll,1,0
140.0,Paulo Sousa,1,0
140.0,Çağlar Söyüncü,1,0
140.0,Terrence Boyd,1,0
140.0,Ceyhun Gülselam,1,0
140.0,Keita Endo,1,0
140.0,Olivier Occéan,1,0
140.0,Felix Bastians,1,0
140.0,Rudi Vata,1,0
140.0,Samir Toplak,1,0
140.0,Matthias Liebers,1,0
140.0,Albin Ekdal,1,0
140.0,Szilárd Németh,1,0
140.0,Alfred Roscher,1,0
140.0,Daniel Williams,1,0
140.0,Heinz-Dieter Borgmann,1,0
140.0,Luca Netz,1,0
140.0,Carlos Gruezo,1,0
140.0,Zdeněk Pospěch,1,0
140.0,Jamilu Collins,1,0
140.0,Iulian Filipescu,1,0
140.0,Rudi Istenic,1,0
140.0,Herwart Koppenhöfer,1,0
140.0,Florent Hadergjonaj,1,0
140.0,Jürgen Boduszek,1,0
140.0,Luca Caldirola,1,0
140.0,Tobias Willi,1,0
140.0,Andreas Hinkel,1,0
140.0,Joseph Akpala,1,0
140.0,Besart Berisha,1,0
140.0,Jürgen Willkomm,1,0
140.0,Werner Pöhler,1,0
140.0,Coke,1,0
140.0,Marouene Guezmir,1,0
140.0,Lúcio,1,0
140.0,Torsten Fröhling,1,0
140.0,Diego Demme,1,0
140.0,Lars Unger,1,0
140.0,Michael Wittwer,1,0
140.0,Hans-Werner Kremer,1,0
140.0,Gottfried Peter,1,0
140.0,Kingsley Ehizibue,1,0
140.0,Heinz Kulik,1,0
140.0,Bartosz Kapustka,1,0
140.0,Boubacar Diarra,1,0
140.0,Peter Eggert,1,0
140.0,Bojan,1,0
140.0,Bamba Anderson,1,0
140.0,Werner Mangold,1,0
140.0,Bernardo,1,0
140.0,Sebastian Vasiliadis,1,0
140.0,Ilir Azemi,1,0
140.0,Klaus Wischniewski,1,0
140.0,Florian Kath,1,0
140.0,Melvyn Lorenzen,1,0
140.0,Myziane Maolida,1,0
140.0,Arne Maier,1,0
140.0,Marc Vucinovic,1,0
140.0,Uli Bayerschmidt,1,0
140.0,Eckehard Müller,1,0
140.0,Leo Bunk,1,0
140.0,Gideon Jung,1,0
140.0,Heinz Schönberger,1,0
140.0,Andreas Ridder,1,0
140.0,Timo Hübers,1,0
140.0,Jesús Vallejo,1,0
140.0,Michael Lamey,1,0
140.0,Dieter Schock,1,0
140.0,Reinier,1,0
140.0,Bård Finne,1,0
140.0,Emir Džafić,1,0
140.0,Marko Schröder,1,0
140.0,Horst Ehrmantraut,1,0
140.0,Sam Lammers,1,0
140.0,Horst Bender,1,0
140.0,Dieter Danzberg,1,0
140.0,Peter Rasmussen,1,0
140.0,Rudolf Koch,1,0
140.0,Zezé,1,0
140.0,Maxence Lacroix,1,0
140.0,Benjamin Weigelt,1,0
140.0,Elard Ostermann,1,0
140.0,Klaus Franke,1,0
140.0,Lucas Ribeiro,1,0
140.0,Christopher Schorch,1,0
140.0,Tobias Rathgeb,1,0
140.0,Hans-Jürgen Offermanns,1,0
140.0,Friedrich Wagner,1,0
140.0,Uwe Witt,1,0
140.0,Manuel Prietl,1,0
140.0,Jari Litmanen,1,0
140.0,Christo Jowow,1,0
140.0,Oldřich Machala,1,0
140.0,Ralf Heym,1,0
140.0,Claudius Weber,1,0
140.0,Sławomir Chałaśkiewicz,1,0
140.0,Manfred Schnalke,1,0
140.0,Heinz-Rudolf Weiler,1,0
140.0,Darko Pivaljevic,1,0
140.0,Falk Dörr,1,0
140.0,Taner Yalçın,1,0
140.0,Kamil Kosowski,1,0
140.0,Uwe Kober,1,0
140.0,Thomas Klein,1,0
140.0,Lorenz Hilkes,1,0
140.0,Johann Cichy,1,0
140.0,Fabian Frei,1,0
140.0,Dani Carvajal,1,0
140.0,Nassim Boujellab,1,0
140.0,Uwe Bredow,1,0
140.0,Vlado Kasalo,1,0
140.0,Marwin Hitz,1,0
140.0,Aleksandar Ignjovski,1,0
140.0,Evanggelos Mantzios,1,0
140.0,Lothar Weschke,1,0
140.0,Thomas Rytter,1,0
140.0,Toralf Konetzke,1,0
140.0,Stephan Täuber,1,0
140.0,Jochen Novodomsky,1,0
140.0,Immanuel Höhn,1,0
140.0,Ivan Santini,1,0
140.0,Srečko Katanec,1,0
140.0,Einar Jan Aas,1,0
140.0,Angelo Vier,1,0
140.0,Klaus-Dieter Dewinski,1,0
140.0,Marc Berdoll,1,0
140.0,Jaime,1,0
140.0,Ramon,1,0
140.0,Rolf Grünther,1,0
140.0,Philipp Hosiner,1,0
140.0,Silvio Adzic,1,0
140.0,Waldemar Ksienzyk,1,0
140.0,Ralf Bödeker,1,0
140.0,Allan Jepsen,1,0
140.0,Reinhold Jessl,1,0
140.0,Björn Andersson,1,0
140.0,Faruk Hujdurović,1,0
140.0,Walter Gruler,1,0
140.0,Klaus Bohnsack,1,0
140.0,Eren Sami Dinkci,1,0
140.0,Deyverson,1,0
140.0,Flávio Conceição,1,0
140.0,Sergej Mandreko,1,0
140.0,Toni Schreier,1,0
140.0,Volker Klein,1,0
140.0,Michael Toppel,1,0
140.0,Jürgen Glinka,1,0
140.0,Cristian Gamboa,1,0
140.0,Stanko Svitlica,1,0
140.0,Rewas Arweladse,1,0
140.0,Karl-Heinz Wöhrlin,1,0
140.0,Toni Šunjić,1,0
140.0,Andreas Lambertz,1,0
140.0,Klaus Kösling,1,0
140.0,Jelle Van Damme,1,0
140.0,Gerd Schwidrowski,1,0
140.0,Josef Thelen,1,0
140.0,Walter Wimmer,1,0
140.0,Dumitru Nadu,1,0
140.0,Helmut Lausen,1,0
140.0,Ulrich Kallius,1,0
140.0,Linus Gechter,1,0
140.0,Stephan Fürstner,1,0
140.0,Thomas Ridder,1,0
140.0,Baptiste Santamaría,1,0
140.0,Mickäel Tavares,1,0
140.0,Eberhard Strauch,1,0
140.0,Helmut Tybussek,1,0
140.0,Thanos Petsos,1,0
140.0,Frank Wiblishauser,1,0
140.0,Frank Elser,1,0
140.0,Edi Stöhr,1,0
140.0,Hans-Dieter Mirnegg,1,0
140.0,Deyovaisio Zeefuik,1,0
140.0,Leonidas Kampantais,1,0
140.0,Hassan El-Fakiri,1,0
140.0,Gernot Plassnegger,1,0
140.0,Tore Pedersen,1,0
140.0,Gerhard Steinkogler,1,0
140.0,Hans Zengerle,1,0
140.0,Willibald Mikulasch,1,0
140.0,Jonathan Santana,1,0
140.0,Marc Stein,1,0
140.0,Oliver Unsöld,1,0
140.0,Stephan Hanke,1,0
140.0,Heinz Tochtermann,1,0
140.0,Atsuto Uchida,1,0
140.0,Andreas Ibertsberger,1,0
140.0,Miiko Albornoz,1,0
140.0,Patrick Funk,1,0
140.0,David Rozehnal,1,0
140.0,Carlos Grossmüller,1,0
140.0,Søren Colding,1,0
140.0,Sercan Sararer,1,0
140.0,Alpay Özalan,1,0
140.0,Slatko Jankow,1,0
140.0,Murat Jasarević,1,0
140.0,Günther Bansemer,1,0
140.0,Manfred Frankowski,1,0
140.0,Virgil Misidjan,1,0
140.0,Daniel Gygax,1,0
140.0,Hans Mayer,1,0
140.0,Aarón Martín,1,0
140.0,Kevin Kratz,1,0
140.0,Juvhel Tsoumou,1,0
140.0,Marc Zellweger,1,0
140.0,Winfried Geier,1,0
140.0,Peter Rohrschneider,1,0
140.0,Vincent Kompany,1,0
140.0,Dominik Reinhardt,1,0
140.0,Hans-Jürgen Kurrat,1,0
140.0,Joseph Scally,1,0
140.0,Iver Fossum,1,0
140.0,Jan Kliment,1,0
140.0,Franco Zuculini,1,0
140.0,Cory Gibbs,1,0
140.0,Reinhold Yabo,1,0
140.0,Diego León,1,0
140.0,Thomas Langbein,1,0
140.0,Delano Burgzorg,1,0
140.0,Timo Wenzel,1,0
140.0,Alexander Opoku,1,0
140.0,Manfred Ebenhöh,1,0
140.0,Danny Fuchs,1,0
140.0,Matthias Fritz,1,0
140.0,Marco Sailer,1,0
140.0,Rodrigo,1,0
140.0,Hans-Werner Moors,1,0
140.0,Andrea Barzagli,1,0
140.0,Bruno Berner,1,0
140.0,Markus Bähr,1,0
140.0,Werner Habiger,1,0
140.0,Bernd Gerstner,1,0
140.0,Felix Agu,1,0
140.0,Peter Stichler,1,0
140.0,Roland Benschneider,1,0
140.0,Didier Dheedene,1,0
140.0,Sebastian Griesbeck,1,0
140.0,Peter Koßmann,1,0
140.0,Santiago Ascacibar,1,0
140.0,Viorel Ion,1,0
140.0,Marco Meyerhöfer,1,0
140.0,Volker Abramczik,1,0
140.0,Florian Heller,1,0
140.0,Marco Stiepermann,1,0
140.0,Đorđije Ćetković,1,0
140.0,János Hrutka,1,0
140.0,Stefan Ertl,1,0
140.0,Danijel Pranjić,1,0
140.0,Youssef Mokhtari,1,0
140.0,Reinhard Schmitz,1,0
140.0,Thomas Kahlenberg,1,0
140.0,Manfred Stefes,1,0
140.0,Runald Ossen,1,0
140.0,Henrik Eichenauer,1,0
140.0,Maxim Leitsch,1,0
140.0,John Mosquera,1,0
140.0,Thimothée Atouba,1,0
140.0,Kay Stisi,1,0
140.0,Kurt Lang,1,0
140.0,Detlef Krella,1,0
140.0,Kingsley Schindler,1,0
140.0,Simon Falette,1,0
140.0,Joo-Ho Park,1,0
140.0,Petar Musa,1,0
140.0,Alfonso García,1,0
140.0,Damir Stojak,1,0
140.0,Matthias Ruländer,1,0
140.0,Jarosław Biernat,1,0
140.0,Stefan Majewski,1,0
140.0,Törles Knöll,1,0
140.0,Phillipp Mwene,1,0
140.0,Slobodan Medojević,1,0
140.0,Kléber,1,0
140.0,Saša Marković,1,0
140.0,Thomas Ziemer,1,0
140.0,Michael Zimmer,1,0
140.0,Felix Götze,1,0
140.0,Gerd Schneider,1,0
140.0,Mohamed Simakan,1,0
140.0,Olcay Şahan,1,0
140.0,Ünal Alpuğan,1,0
140.0,Oliver Schweißing,1,0
140.0,Ralf Allgöwer,1,0
140.0,Dieter Lemke,1,0
140.0,Tanguy Nianzou,1,0
140.0,Ragnar Ache,1,0
140.0,Allan Saint-Maximin,1,0
140.0,Carlos Zambrano,1,0
140.0,Addy Menga,1,0
140.0,Bjarni Guðjónsson,1,0
140.0,Michael Scheike,1,0
140.0,Oliver Posniak,1,0
140.0,Thomas Kies,1,0
140.0,Alfred Steinkirchner,1,0
140.0,Tobias Strobl,1,0
140.0,Gerald Schröder,1,0
140.0,Sead Kajtaz,1,0
140.0,Preben Elkjær Larsen,1,0
140.0,Blendi Idrizi,1,0
140.0,Jochen Weigl,1,0
140.0,Andreas Lübke,1,0
140.0,Uffe Bech,1,0
140.0,Edson Braafheid,1,0
140.0,Manuel Fischer,1,0
140.0,Armin Störzenhofecker,1,0
140.0,Michael Oelkuch,1,0
140.0,Günter Walz,1,0
140.0,Florian Flick,1,0
140.0,Mensur Mujdža,1,0
140.0,Daniel Ziebig,1,0
140.0,Frankie Hejduk,1,0
140.0,Achim Glückler,1,0
140.0,Nemanja Radonjić,1,0
140.0,Dragan Trkulja,1,0
140.0,Miran Pavlin,1,0
140.0,Bernd Krumbein,1,0
140.0,Ludovic Obraniak,1,0
140.0,Axel Thoma,1,0
140.0,Mustafa Kučuković,1,0
140.0,Jovan Aćimović,1,0
140.0,Bernd Kettler,1,0
140.0,Hugo Novoa,1,0
140.0,Vincent Koziello,1,0
140.0,Mërgim Mavraj,1,0
140.0,Matthias Dworschak,1,0
140.0,Florian Krüger,1,0
140.0,Hans-Jürgen Bargfrede,1,0
140.0,Egwin Wolf,1,0
140.0,Wahidullah Faghir,1,0
140.0,Paschalis Seretis,1,0
140.0,Shkodran Mustafi,1,0
140.0,Joachim Heinke,1,0
140.0,Dušan Švento,1,0
140.0,Ole Sørensen,1,0
140.0,Giorgios Tzavellas,1,0
140.0,Olaf Holetschek,1,0
140.0,Hubert Schöll,1,0
140.0,Jacques Zoua,1,0
140.0,Tommy Svindal Larsen,1,0
140.0,Joachim Hutka,1,0
140.0,Werner Hölzenbein,1,0
140.0,Luca Kilian,1,0
140.0,Robert Gumny,1,0
140.0,Jörg Gaedke,1,0
140.0,Andrew Wooten,1,0
140.0,Rajko Tavcar,1,0
140.0,Rudolf Collet,1,0
140.0,Siegfried Werner,1,0
140.0,Tom Alexander Rothe,1,0
140.0,Gabriel Melkam,1,0
140.0,Kurt Knoll,1,0
140.0,Georg Stürz,1,0
140.0,Uwe Hartenberger,1,0
140.0,Klaus Meyer,1,0
140.0,Fabian Schönheim,1,0
140.0,Roger Lutz,1,0
140.0,Alfred Resenberg,1,0
140.0,Artem Krawez,1,0
140.0,Zhi Gin Lam,1,0
140.0,Jacopo Sala,1,0
140.0,Vratislav Greško,1,0
140.0,Frank Hanisch,1,0
140.0,Jürgen Billmann,1,0
140.0,Stefan Schmitt,1,0
140.0,Hans-Jürgen Baake,1,0
140.0,Julio Baylon,1,0
140.0,Gerd Kohl,1,0
140.0,Erwin Jung,1,0
140.0,Jetro Willems,1,0
140.0,Eduard Kirschner,1,0
140.0,Rolf Bauerkämper,1,0
140.0,Kurt Ritter,1,0
140.0,Jiloan Hamad,1,0
140.0,Garra Dembélé,1,0
140.0,Tobias Damm,1,0
140.0,Mats Lilienberg,1,0
140.0,Karl-Heinz Emig,1,0
140.0,Sardar Azmoun,1,0
140.0,Douglas Santos,1,0
140.0,Gerd Regitz,1,0
140.0,Serey Die,1,0
140.0,Mirko Boland,1,0
140.0,Ilijan Mizanski,1,0
140.0,Reiner Alhaus,1,0
140.0,Pablo Quattrocchi,1,0
140.0,Dieter Hochheimer,1,0
140.0,Claus Vogler,1,0
140.0,Panagiotis Retsos,1,0
140.0,Thomas Cichon,1,0
140.0,Frank Kastner,1,0
140.0,Alexander Fuchs,1,0
140.0,Günter Karnhof,1,0
140.0,Odise Roshi,1,0
140.0,Tobias Rau,1,0
140.0,Lukas Mühl,1,0
140.0,Sören Seidel,1,0
140.0,Gaëtan Bussmann,1,0
140.0,Omar Elabdellaoui,1,0
140.0,Daniel Brinkmann,1,0
140.0,Mustafa Dogan,1,0
140.0,Frank Wolf,1,0
140.0,Rolf Dohmen,1,0
140.0,Reinhold Wischnowsky,1,0
140.0,Leo Wilden,1,0
140.0,Altin Lala,1,0
140.0,Rick Hoogendorp,1,0
140.0,Andreas Görlitz,1,0
140.0,Carsten Kober,1,0
140.0,Erich Hermesdorf,1,0
140.0,András Schäfer,1,0
140.0,Christian Prosenik,1,0
140.0,Jürgen Radschuweit,1,0
140.0,Erhan Önal,1,0
140.0,Rolf Kahn,1,0
140.0,Denis Wolf,1,0
140.0,Frank Weber,1,0
140.0,Linton Maina,1,0
140.0,Berkay Özcan,1,0
140.0,Matias Cenci,1,0
140.0,Rudolf Sandner,1,0
140.0,Mickaël Cuisance,1,0
140.0,Steve Marlet,1,0
140.0,Thomas Kläsener,1,0
140.0,Stefan Strerath,1,0
140.0,Lothar Geisler,1,0
140.0,Holger Wehlage,1,0
140.0,Zlatko Janjić,1,0
140.0,Mehmet Dragusha,1,0
140.0,Dragan Holcer,1,0
140.0,Frank Rost,1,0
140.0,Thomas Paulus,1,0
140.0,Mathias Kuhlmey,1,0
140.0,Josip Stanisic,1,0
140.0,Michael Lang,1,0
140.0,Steffen Handschuh,1,0
140.0,Anderson-Lenda Lucoqui,1,0
140.0,Mohamed Dräger,1,0
140.0,Andreas Voss,1,0
140.0,Mario Posch,1,0
140.0,Uğur İnceman,1,0
140.0,Werner Ohm,1,0
140.0,Carsten Linke,1,0
140.0,Wladlen Jurtschenko,1,0
140.0,Aníbal Matellán,1,0
140.0,Manfred Hellmann,1,0
140.0,Willi Bernecker,1,0
140.0,Cebio Soukou,1,0
140.0,Marcel Eger,1,0
140.0,Dominik Kaiser,1,0
140.0,Julian Derstroff,1,0
140.0,Sebastian Reinert,1,0
140.0,Fabian Lamotte,1,0
140.0,Piotr Tyszkiewicz,1,0
140.0,Torsten Lieberknecht,1,0
140.0,Jan Männer,1,0
140.0,Uwe Erkenbrecher,1,0
140.0,Dieter Hentschel,1,0
140.0,Mikaël Silvestre,1,0
140.0,Michael Sommer,1,0
140.0,Soma Novothny,1,0
140.0,Jürgen Hasebrink,1,0
140.0,Sambou Yatabaré,1,0
140.0,Joakim Persson,1,0
140.0,Kim Christensen,1,0
140.0,Daniel Felgenhauer,1,0
140.0,Fabian Schär,1,0
140.0,Harry Hartung,1,0
140.0,Thomas Miller,1,0
140.0,Heinz-Dieter Lömm,1,0
140.0,Leon Balogun,1,0
140.0,Markus Thorandt,1,0
140.0,Patrick Paauwe,1,0
140.0,Philipp Degen,1,0
140.0,Jürgen Lange,1,0
140.0,Haji Wright,1,0
140.0,Paolo da Palma,1,0
140.0,Oliver Pagé,1,0
140.0,František Straka,1,0
140.0,Klaus Weber,1,0
140.0,Benjamin Lense,1,0
140.0,Emre Mor,1,0
140.0,Herbert Bönnen,1,0
140.0,Tom Trybull,1,0
140.0,Deniz Naki,1,0
140.0,Kevin Hansen,1,0
140.0,Wolfgang Böhni,1,0
140.0,Danijel Stefulj,1,0
140.0,Federico Barba,1,0
140.0,Matthias Lust,1,0
140.0,Hans Otto Hiestermann,1,0
140.0,Jean Zimmer,1,0
140.0,Ammar Jemal,1,0
140.0,Mark Strudal,1,0
140.0,Oswald Semlits,1,0
140.0,Julian Wießmeier,1,0
140.0,Michael Mutzel,1,0
140.0,Suleiman Abdullahi,1,0
140.0,Reinhard Stumpf,1,0
140.0,Horst Schauß,1,0
140.0,Gheorghe Popescu,1,0
140.0,Pedro Milasincic,1,0
140.0,Orhan Ademi,1,0
140.0,Nemanja Vučićević,1,0
140.0,Dragan Stevanovic,1,0
140.0,Reinhard Löffler,1,0
140.0,Oliver Burke,1,0
140.0,Alexander Klitzpera,1,0
140.0,Bill Tchato,1,0
140.0,Björn Dreyer,1,0
140.0,Herbert Mühlenberg,1,0
140.0,Horst Blankenburg,1,0
140.0,José Campaña,1,0
140.0,Bastian Schulz,1,0
140.0,Waldemar Matysik,1,0
140.0,Moussa Latoundji,1,0
140.0,Facundo Quiroga,1,0
140.0,Billy Ohlsson,1,0
140.0,Felix Kroos,1,0
140.0,Leon Jessen,1,0
140.0,Uwe Stöver,1,0
140.0,Thomas Hinz,1,0
140.0,Lennart Thy,1,0
140.0,Ricardo Osorio,1,0
140.0,Craig Moore,1,0
140.0,Wolfgang Schlief,1,0
140.0,Wolf-Rüdiger Krause,1,0
140.0,Markus Pleuler,1,0
140.0,Scott Booth,1,0
140.0,Lars Jacobsen,1,0
140.0,Edimilson Fernandes,1,0
140.0,Bakary Diakité,1,0
140.0,Alex Nyarko,1,0
140.0,Rudolf Bast,1,0
140.0,Wenanty Fuhl,1,0
140.0,Thomas Lasser,1,0
140.0,Godfried Aduobe,1,0
140.0,Jeremie Frimpong,1,0
140.0,Denis Olejnik,1,0
140.0,Willi Kostrewa,1,0
140.0,Michael Hector,1,0
140.0,Wilhelm Reisinger,1,0
140.0,Dennis Grassow,1,0
140.0,Aleksandr Rychkov,1,0
140.0,Robert Holzer,1,0
140.0,Jean-Pierre de Keyser,1,0
140.0,Horst Szymaniak,1,0
140.0,Alexandros Tziolis,1,0
140.0,Roland Vogel,1,0
140.0,Denis Kljujew,1,0
140.0,Sven Ratke,1,0
140.0,Dragutin Čelić,1,0
140.0,Volker Knappheide,1,0
140.0,Shmuel Rosenthal,1,0
140.0,Hiroki Ito,1,0
140.0,Ousman Manneh,1,0
140.0,Michael Beauchamp,1,0
140.0,Mateo Klimowicz,1,0
140.0,Ken Reichel,1,0
140.0,Alexander Voigt,1,0
140.0,Per Pedersen,1,0
140.0,Marco Zernicke,1,0
140.0,Cristian Zaccardo,1,0
140.0,Robert Kovač,1,0
140.0,Thomas Zetzmann,1,0
140.0,Niels Tune-Hansen,1,0
140.0,Günter Keifler,1,0
140.0,Dieter Strauß,1,0
140.0,Borna Sosa,1,0
140.0,Yuya Kubo,1,0
140.0,Christoph Teinert,1,0
140.0,Jurica Puljiz,1,0
140.0,Vincent Mennie,1,0
140.0,Bernd Maier,1,0
140.0,Jürgen Marek,1,0
140.0,Matija Nastasić,1,0
140.0,Stefan Knapp,1,0
140.0,Jóan Edmundsson,1,0
140.0,Wilfried Ahnefeld,1,0
140.0,Adrian Kunz,1,0
140.0,Tyler Adams,1,0
140.0,Kachaber Zchadadse,1,0
140.0,Helmut Rahner,1,0
140.0,Christian Rudzki,1,0
140.0,Amir Abrashi,1,0
140.0,Kai Steffen,1,0
140.0,Mario Krohm,1,0
140.0,Helmut Manns,1,0
140.0,Anton Vuckov,1,0
140.0,Timothy Tillman,1,0
140.0,Shani Tarashaj,1,0
140.0,Mariusz Kukielka,1,0
140.0,Guido Gorges,1,0
140.0,Andreas Wagenhaus,1,0
140.0,Johannes van den Bergh,1,0
140.0,Guido Silberbach,1,0
140.0,Jürgen Baier,1,0
140.0,Paul Lambert,1,0
140.0,Günther Fuchs,1,0
140.0,Nikita Rukavytsya,1,0
140.0,Axel Jüptner,1,0
140.0,Srđan Čebinac,1,0
140.0,Piero Hincapie,1,0
140.0,David Rasmussen,1,0
140.0,Walter Laubinger,1,0
140.0,Peter Falter,1,0
140.0,Gerard Hausser,1,0
140.0,Maximilian Wagener,1,0
140.0,René Beuchel,1,0
140.0,Miroslav Vjetrović,1,0
140.0,Hans-Jürgen Kleinholz,1,0
140.0,Renato Sanches,1,0
140.0,László Kleinheisler,1,0
140.0,Jonny Otten,1,0
140.0,Hans-Dieter Diehl,1,0
140.0,Willi Seebauer,1,0
140.0,Klaus Konieczka,1,0
140.0,Fredrik Jensen,1,0
140.0,Stefan Studtrucker,1,0
140.0,Gerd Kühn,1,0
140.0,Sławomir Wojciechowski,1,0
140.0,Rudolf Grosser,1,0
140.0,Philipp Zulechner,1,0
140.0,Jakob Friis-Hansen,1,0
140.0,Marnon Busch,1,0
140.0,Erich Miß,1,0
140.0,Norbert Irtel,1,0
140.0,Oliver Schäfer,1,0
140.0,Daniel Schwaab,1,0
140.0,Tolga Ciğerci,1,0
140.0,Heinz Wirtz,1,0
140.0,Fabian Bäcker,1,0
140.0,Josef Bläser,1,0
140.0,Rainer Laskowsky,1,0
140.0,Adrian Nikçi,1,0
140.0,Michael Bochtler,1,0
140.0,Anton Stach,1,0
140.0,Jens Wemmer,1,0
140.0,Waldemar Kryger,1,0
140.0,Egon Horst,1,0
140.0,Mathias Jack,1,0
140.0,Miguel Pereira,1,0
140.0,Süleyman Koç,1,0
140.0,Gerd Wimmer,1,0
140.0,Dirk Flock,1,0
140.0,Hugo Ulm,1,0
140.0,Krzysztof Hetmanski,1,0
140.0,Jacky Peeters,1,0
140.0,Klaus Mirwald,1,0
140.0,Heinz Mostert,1,0
140.0,Paul Seguin,1,0
140.0,Jürgen Wielert,1,0
140.0,Eduard Angele,1,0
140.0,Matthias Ostrzolek,1,0
140.0,Christian Strohdiek,1,0
140.0,Sebastian Kerk,1,0
140.0,Moses Sichone,1,0
140.0,Soner Uysal,1,0
140.0,Michael Skibbe,1,0
140.0,Demarai Gray,1,0
140.0,Aaron Seydel,1,0
140.0,Vladimir Ivić,1,0
140.0,Matthias Lindner,1,0
140.0,Thomas Gerstner,1,0
140.0,Heiko Racky,1,0
140.0,Siegfried Böhringer,1,0
140.0,Kristijan Jakić,1,0
140.0,Anthony Jung,1,0
140.0,Thomas Drescher,1,0
140.0,Thomas Siewert,1,0
140.0,Hans-Joachim Förster,1,0
140.0,Heinz Libuda,1,0
140.0,Andreas Pallasch,1,0
140.0,Johnny Heitinga,1,0
140.0,Oskar Bauer,1,0
140.0,Chris Richards,1,0
140.0,Malick Thiaw,1,0
140.0,Kasim Adams,1,0
140.0,Christian Simon,1,0
140.0,Hans-Peter Makan,1,0
140.0,Gerd Komorowski,1,0
140.0,Peter Czernotzky,1,0
140.0,Miroslav Bicanic,1,0
140.0,Frank Lippmann,1,0
140.0,Dirk Hielscher,1,0
140.0,Dirk Lellek,1,0
140.0,Željko Perušić,1,0
140.0,Michel Vlap,1,0
140.0,Jovan Kirovski,1,0
140.0,Dietmar Janssen,1,0
140.0,Jürgen Strack,1,0
140.0,Detlef Webers,1,0
140.0,Amos Pieper,1,0
140.0,Leo Spielberger,1,0
140.0,Florian Gothe,1,0
140.0,Jens-Peter Box,1,0
140.0,Michael Parensen,1,0
140.0,Florian Trinks,1,0
140.0,José Roberto,1,0
140.0,Chhunly Pagenburg,1,0
140.0,Achim Weber,1,0
140.0,Jürgen Lutz,1,0
140.0,Eberhard Haun,1,0
140.0,Christian Gebauer,1,0
140.0,Michael Böhnke,1,0
140.0,Klaus Slatina,1,0
140.0,Samir Kamouna,1,0
140.0,Achim Melcher,1,0
140.0,Marcelo Saracchi,1,0
140.0,Romeo Castelen,1,0
140.0,Maicon,1,0
140.0,Jan-Hoiland Nielsen,1,0
140.0,Dieter Burdenski,1,1
140.0,Zvezdan Cvetković,1,1
140.0,Ralf Zumdick,1,1
140.0,Hans-Günter Schimmöller,1,1
140.0,Ricardo Sousa,1,1
140.0,Bernd Nehrig,1,1
140.0,Klaus Iwanzik,1,1
140.0,Wolfgang Kneib,1,1
140.0,Manfred Manglitz,1,1
140.0,Günter Oleknavicius,1,1
140.0,Oliver Reck,1,1
140.0,Volkmar Groß,1,1
140.0,Babacar N'Diaye,1,1
140.0,Erhan Albayrak,1,1
140.0,Willi Bierofka,1,1
